-- phpMyAdmin SQL Dump
-- version 5.2.0
-- https://www.phpmyadmin.net/
--
-- Host: localhost
-- Generation Time: Aug 14, 2022 at 07:15 AM
-- Server version: 10.4.21-MariaDB
-- PHP Version: 8.1.6

SET SQL_MODE = "NO_AUTO_VALUE_ON_ZERO";
START TRANSACTION;
SET time_zone = "+00:00";


/*!40101 SET @OLD_CHARACTER_SET_CLIENT=@@CHARACTER_SET_CLIENT */;
/*!40101 SET @OLD_CHARACTER_SET_RESULTS=@@CHARACTER_SET_RESULTS */;
/*!40101 SET @OLD_COLLATION_CONNECTION=@@COLLATION_CONNECTION */;
/*!40101 SET NAMES utf8mb4 */;

--
-- Database: `cocolux`
--

-- --------------------------------------------------------

--
-- Table structure for table `albums`
--

CREATE TABLE `albums` (
  `id` int(11) NOT NULL,
  `product_id` int(11) NOT NULL,
  `photo` varchar(500) NOT NULL
) ENGINE=InnoDB DEFAULT CHARSET=utf8mb4;

--
-- Dumping data for table `albums`
--

INSERT INTO `albums` (`id`, `product_id`, `photo`) VALUES
(1, 26, '1656338336_1620287930787-son-black-rouge-hv01-200x200.png'),
(2, 27, '1656338447_1641348039055-retinol-la-gi.png'),
(3, 28, '1656338551_1611366215645-1-300x300.jpeg'),
(4, 28, '1656338551_1647509020520-1-200x200.jpeg'),
(5, 28, '1656338551_1609223457599-uong-chat-cap-am-lam-da-sang-min-loreal-1-200x200.jpeg'),
(6, 29, '1656341963_1636447858036-quy-trinh-cham-soc-da.png'),
(7, 29, '1656341963_280529408_538380757687487_5749040668052320003_n.jpg'),
(8, 29, '1656341963_1641348039055-retinol-la-gi.png'),
(9, 29, '1656341963_z3430411343201_40a8ec1e3c813187f5ce92a98aac6c97.jpg'),
(10, 29, '1656341963_1641366369657-nguyen-nhan-gay-mun.jpeg'),
(11, 29, '1656341963_1617154867311-tinh-chat-white-perfect-clinical-loreal-30ml-200x200.png'),
(12, 29, '1656341963_1620287930787-son-black-rouge-hv01-200x200.png'),
(13, 29, '1656341963_1608093137909-la-roche-posay-300x300.jpeg'),
(14, 29, '1656341963_1616999122225-tinh-chat-duong-da-0-200x200.jpeg'),
(15, 29, '1656341963_1609732032314-san-phẩm-khác-300x300.jpeg'),
(16, 29, '1656341963_1616728947275-son-li-maybelline-creamy-mattes-nude-9-200x200.jpeg'),
(17, 29, '1656341963_1633751255518-kem-nen-lau-troi-loreal-paris-infallible-24h-fresh-wear-30ml-120-200x200.jpeg'),
(18, 29, '1656341963_1611365767306-1-300x300.jpeg'),
(19, 30, '1656422373_1641348039055-retinol-la-gi.png'),
(20, 30, '1656422373_1641348039055-retinol-la-gi.png'),
(21, 30, '1656422373_1641348039055-retinol-la-gi.png'),
(22, 30, '1656422373_1641348039055-retinol-la-gi.png');

-- --------------------------------------------------------

--
-- Table structure for table `banner_slider`
--

CREATE TABLE `banner_slider` (
  `id` int(11) NOT NULL,
  `photo` int(11) NOT NULL
) ENGINE=InnoDB DEFAULT CHARSET=utf8mb4;

-- --------------------------------------------------------

--
-- Table structure for table `brands`
--

CREATE TABLE `brands` (
  `id` int(11) NOT NULL,
  `name` varchar(500) NOT NULL,
  `photo` varchar(500) NOT NULL
) ENGINE=InnoDB DEFAULT CHARSET=utf8mb4;

--
-- Dumping data for table `brands`
--

INSERT INTO `brands` (`id`, `name`, `photo`) VALUES
(13, 'INNISFREE', ''),
(14, 'BLACK ROUGE', '1655031265_1611365767306-1-300x300.jpeg'),
(15, 'LA ROCHE-POSAY', '1655030795_1608093137909-la-roche-posay-300x300.jpeg'),
(16, 'L\'ORÉAL', '1655030781_1607760500001-logo-loreal-300x300.jpeg'),
(17, 'MAYBELLINE', '1655030644_1611366055007-1-300x300.jpeg'),
(18, 'MAC', '1655030768_1611366215645-1-300x300.jpeg');

-- --------------------------------------------------------

--
-- Table structure for table `categories`
--

CREATE TABLE `categories` (
  `id` int(11) NOT NULL,
  `name` varchar(500) NOT NULL,
  `parent_id` int(11) NOT NULL,
  `photo` varchar(500) NOT NULL,
  `photo_colum` varchar(500) NOT NULL
) ENGINE=InnoDB DEFAULT CHARSET=utf8mb4;

--
-- Dumping data for table `categories`
--

INSERT INTO `categories` (`id`, `name`, `parent_id`, `photo`, `photo_colum`) VALUES
(15, 'Gift Set ', 0, '', ''),
(16, 'Sản phẩm khác - others ', 0, '', ''),
(17, 'Thực phẩm chức năng', 0, '', ''),
(18, 'Nước hoa - Perfume ', 0, '', ''),
(19, 'Dụng cụ - Tools -brushes ', 0, '', ''),
(20, 'Chăm sóc tóc - haircare ', 0, '', ''),
(21, 'Chăm sóc cơ thể - Bodycare ', 0, '', ''),
(22, 'Chăm sóc da - Skincare ', 0, '1654358167_1614305203769-make-up-300x300.jpeg', ''),
(23, 'Son môi - lips ', 0, '1654771937_1633747055021-kem-lot-silkygirl-instant-pore-fix-primer-01-natural-3-200x200.jpeg', '1654771981_1642039173316-son-môi.jpeg'),
(24, 'Trang điểm - makeup ', 0, '1654334469_1614305203769-make-up-300x300.jpeg', '1654772122_1642039157957-trang-điểm.jpeg'),
(25, 'Kem lót - Makeup primer', 24, '', ''),
(26, 'Phấn phủ - Powder', 24, '', ''),
(27, 'Phấn mắt - phấn má', 24, '', ''),
(28, 'Kem nền - BB - CC', 24, '', ''),
(29, 'Kẻ mắt - Eyeliner', 24, '', ''),
(30, 'Phấn nước - cushion', 24, '', ''),
(31, 'Kẻ mày - Eyebrown', 24, '', ''),
(32, 'Che khuyết điểm - Concealer', 24, '', ''),
(33, 'Mascara', 24, '', ''),
(34, 'Chăm sóc da 1', 22, '', '');

-- --------------------------------------------------------

--
-- Table structure for table `comment`
--

CREATE TABLE `comment` (
  `id` int(11) NOT NULL,
  `comment_content` text NOT NULL,
  `product_id` int(11) NOT NULL,
  `created_comment` timestamp NOT NULL DEFAULT current_timestamp() ON UPDATE current_timestamp(),
  `customers_id` int(11) NOT NULL
) ENGINE=InnoDB DEFAULT CHARSET=utf8mb4;

--
-- Dumping data for table `comment`
--

INSERT INTO `comment` (`id`, `comment_content`, `product_id`, `created_comment`, `customers_id`) VALUES
(1, 'a', 15, '2022-07-17 10:30:26', 30),
(2, 'a', 15, '2022-07-17 10:30:53', 30),
(3, 'xin chao', 15, '2022-07-17 10:31:56', 30),
(4, 'a', 15, '2022-07-17 10:49:33', 27),
(5, 'sản phẩm rất tốt mà giá lại còn hợp lý\r\n', 15, '2022-07-17 10:50:00', 27),
(6, 'day la binh luan san pham 2', 13, '2022-07-17 10:56:04', 27),
(7, 'a', 12, '2022-07-20 05:39:48', 30),
(8, 'abc', 20, '2022-07-26 04:09:23', 30),
(9, 'a', 20, '2022-07-26 04:15:17', 30);

-- --------------------------------------------------------

--
-- Table structure for table `customers`
--

CREATE TABLE `customers` (
  `id` int(11) NOT NULL,
  `name` varchar(500) NOT NULL,
  `phone` varchar(500) NOT NULL,
  `email` varchar(500) NOT NULL,
  `password` varchar(500) NOT NULL,
  `gender` varchar(500) NOT NULL,
  `token` varchar(500) NOT NULL,
  `status` int(11) NOT NULL
) ENGINE=InnoDB DEFAULT CHARSET=utf8mb4;

--
-- Dumping data for table `customers`
--

INSERT INTO `customers` (`id`, `name`, `phone`, `email`, `password`, `gender`, `token`, `status`) VALUES
(27, 'Hà bông', '0962871200', 'habong0602@gmail.com', '7110eda4d09e062aa5e4a390b0a572ac0d2c0220', 'Nũ', '639d67af2a68eab848d5a1febd5f8d565abb85ba', 1),
(30, 'Nguyễn Đức Dũng', '0962871200', 'dungduc10a8@gmail.com', '40bd001563085fc35165329ea1ff5c5ecbdbbeef', 'all', '88a9d5a83b2b7e4bc74200cc205858df88a90f44', 1),
(31, 'Nguyễn Đức Dũng', '0962871200', 'dungduc108@gmail.com', '40bd001563085fc35165329ea1ff5c5ecbdbbeef', 'all', '62e5be992581c471abb1a11a6f5057aa70309f79', 0);

-- --------------------------------------------------------

--
-- Table structure for table `logo`
--

CREATE TABLE `logo` (
  `id` int(11) NOT NULL,
  `photo` varchar(500) NOT NULL,
  `logo_sub` varchar(255) DEFAULT NULL
) ENGINE=InnoDB DEFAULT CHARSET=utf8mb4;

-- --------------------------------------------------------

--
-- Table structure for table `News`
--

CREATE TABLE `News` (
  `id` int(11) NOT NULL,
  `title` varchar(500) NOT NULL,
  `description` varchar(500) NOT NULL,
  `content` text NOT NULL,
  `photo` varchar(500) NOT NULL,
  `hot` int(11) NOT NULL
) ENGINE=InnoDB DEFAULT CHARSET=utf8mb4;

--
-- Dumping data for table `News`
--

INSERT INTO `News` (`id`, `title`, `description`, `content`, `photo`, `hot`) VALUES
(1, 'tin tuc 1', 'mo ta ngan', 'noi dung', '', 1),
(2, 'tin tức 2', '<p>a</p>\r\n', '<p>a</p>\r\n', '1654414620_1611365969236-innisfree-logo-300x300.jpeg', 1),
(3, 'HAPPY GRAND OPENING COCOLUX 12TH - BÙNG NỔ CÙNG VINCOM SMART CITY', '', '<p>a</p>\r\n', '1655029666_1650956070481-chuong-trinh-khai-truong.jpeg', 0),
(4, 'HAPPY GRAND OPENING COCOLUX 12TH - BÙNG NỔ CÙNG VINCOM SMART CITY', '<p>a</p>\r\n', '<p>a</p>\r\n', '1655029999_1650956070481-chuong-trinh-khai-truong.jpeg', 1),
(5, 'Cách sử dụng Retinol cho người mới bắt đầu', '<p>a</p>\r\n', '<p><em><strong>Retinol với c&ocirc;ng dụng chống l&atilde;o ho&aacute;, l&agrave;m s&aacute;ng da, loại bỏ tế b&agrave;o chết, hỗ trợ thu nhỏ lỗ ch&acirc;n l&ocirc;ng, giảm mụn hiệu quả. Nhưng c&aacute;ch d&ugrave;ng retinol như thế n&agrave;o để đạt được hiệu quả tốt nhất, kh&ocirc;ng g&acirc;y k&iacute;ch ứng cho da? C&ugrave;ng Cocolux t&igrave;m hiểu c&aacute;ch d&ugrave;ng retinol cho người mới bắt đầu n&agrave;o!</strong></em></p>\r\n\r\n<h3><strong>Retinol l&agrave; g&igrave;?</strong></h3>\r\n\r\n<p>Retinol c&oacute; c&ocirc;ng thức ho&aacute; học C20H30O l&agrave; dẫn xuất của vitamin A (c&oacute; t&ecirc;n gọi vitamin A1). Retinol được t&igrave;m thấy nhiều trong thực phẩm h&agrave;ng ng&agrave;y v&agrave; l&agrave; một dưỡng chất bổ sung cho sức khỏe. Kh&ocirc;ng những vậy retinol c&ograve;n trở th&agrave;nh một th&agrave;nh phần hữu &iacute;ch trong mỹ phẩm chăm s&oacute;c da.</p>\r\n\r\n<p>Với đặc t&iacute;nh chống oxy h&oacute;a cực mạnh, Retinol gi&uacute;p điều trị mụn, l&agrave;m mờ vết nhăn, gi&uacute;p trẻ ho&aacute; l&agrave;n da, mang đến rất nhiều c&ocirc;ng dụng cho l&agrave;n da.</p>\r\n\r\n<p><img src=\"https://cdn.cocolux.com/2021/12/images/products/1641348039055-retinol-la-gi.jpeg\" /></p>\r\n\r\n<p><em>Retinol l&agrave; dẫn xuất của vitamin A ứng dụng v&agrave;o mỹ phẩm chăm s&oacute;c da</em></p>\r\n\r\n<h3><strong>C&ocirc;ng dụng của Retinol</strong></h3>\r\n\r\n<p>Retinol đem đến 2 c&ocirc;ng dụng ch&iacute;nh cho l&agrave;n da của người sử dụng:</p>\r\n\r\n<h4><em><strong>Chống l&atilde;o h&oacute;a da, l&agrave;m s&aacute;ng da</strong></em></h4>\r\n\r\n<p>Ngo&agrave;i việc bảo vệ l&agrave;n da bạn trước những t&aacute;c nh&acirc;n b&ecirc;n ngo&agrave;i, th&igrave; bạn cũng cần bổ sung những dưỡng chất cần thiết từ b&ecirc;n trong để gi&uacute;p l&agrave;n da khỏe mạnh nhất. Cấp ẩm th&ocirc;i l&agrave; chưa đủ bạn cần tăng cường bổ sung collagen gi&uacute;p l&agrave;n da săn chắc, đ&agrave;n hồi hơn. V&agrave; retinol gi&uacute;p bạn giải quyết vấn đề n&agrave;y, sử dụng retinol gi&uacute;p giảm thiểu th&acirc;m, n&aacute;m, sạm, t&agrave;n nhang đồng thời k&iacute;ch th&iacute;ch sản sinh một lượng collagen cần thiết cho da. Từ đ&oacute; gi&uacute;p l&agrave;n da s&aacute;ng l&ecirc;n v&agrave; căng mịn giảm nếp nhăn, l&agrave;m chậm qu&aacute; tr&igrave;nh l&atilde;o ho&aacute;.</p>\r\n\r\n<p><img src=\"https://cdn.cocolux.com/2021/12/images/products/1641348020718-retinol-cho-nguoi-moi-bat-dau.jpeg\" /></p>\r\n\r\n<p><em>Retinol chăm s&oacute;c da hiệu quả</em></p>\r\n\r\n<h4><em><strong>Cải thiện t&igrave;nh trạng lỗ ch&acirc;n l&ocirc;ng v&agrave; mụn</strong></em></h4>\r\n\r\n<p>Ngo&agrave;i t&aacute;c dụng chống l&atilde;o ho&aacute; v&agrave; l&agrave;m s&aacute;ng da, một t&aacute;c dụng hiệu quả nữa l&agrave;&nbsp;<em><strong>retinol trị mụn</strong></em>&nbsp;v&agrave; cải thiện t&igrave;nh trạng lỗ ch&acirc;n l&ocirc;ng m&agrave; hầu như c&aacute;c t&iacute;n đồ skincare đều biết. Bụi bẩn, dầu thừa, tế b&agrave;o chết l&agrave; nguy&ecirc;n nh&acirc;n ch&iacute;nh g&acirc;y tắc nghẽn lỗ ch&acirc;n l&ocirc;ng v&agrave; g&acirc;y ra mụn. Retinol tẩy da chết, loại bỏ bụi bẩn, gi&uacute;p lỗ ch&acirc;n l&ocirc;ng trở n&ecirc;n th&ocirc;ng tho&aacute;ng, ngăn ngừa mụn hiệu quả. B&ecirc;n cạnh đ&oacute;, retinol gi&uacute;p giảm sưng tấy, diệt khuẩn n&acirc;ng cao khả năng trị mụn.</p>\r\n\r\n<h4><em><strong>Những t&aacute;c dụng phụ của retinol</strong></em></h4>\r\n\r\n<p>Ngo&agrave;i những t&aacute;c dụng hiệu quả tr&ecirc;n th&igrave; retinol cũng g&acirc;y ra những t&aacute;c dụng phụ như sau:</p>\r\n\r\n<p>G&acirc;y cảm gi&aacute;c ch&acirc;m ch&iacute;ch, n&oacute;ng r&aacute;t da: Đối với những bạn sử dụng retinol lần đầu v&agrave; cả những bạn đ&atilde; d&ugrave;ng quen, đều c&oacute; thể gặp t&igrave;nh trạng ch&acirc;m ch&iacute;nh v&agrave; n&oacute;ng r&aacute;t da. Đ&acirc;y l&agrave; những hiện tượng hết sức b&igrave;nh thường, bạn chỉ cần cung cấp đủ ẩm l&agrave;n da ngay lập tức phục hồi.&nbsp;</p>\r\n\r\n<p>L&agrave;m kh&ocirc; da, g&acirc;y bong tr&oacute;c: Trong qu&aacute; tr&igrave;nh t&aacute;i tạo l&agrave;n da, retinol sẽ l&agrave;m bong tr&oacute;c lớp tế b&agrave;o sừng b&ecirc;n ngo&agrave;i, g&acirc;y cảm gi&aacute;c kh&ocirc; da k&egrave;m theo đ&oacute; l&agrave; hiện tượng bong tr&oacute;c. L&agrave;n da bạn c&oacute; thể kh&ocirc; hoặc ngứa nhẹ, chỉ cần giảm liều lượng v&agrave; tần suất d&ugrave;ng sẽ giảm ngay những hiện tượng n&agrave;y.</p>\r\n\r\n<h3><strong>C&aacute;ch d&ugrave;ng Retinol cho người mới bắt đầu</strong></h3>\r\n\r\n<p>Retinol nếu kh&ocirc;ng d&ugrave;ng đ&uacute;ng c&aacute;ch sẽ g&acirc;y ra nhiều t&aacute;c dụng phụ kh&ocirc;ng mong muốn. Ch&iacute;nh v&igrave; vậy, h&atilde;y đọc kỹ hướng dẫn sử dụng&nbsp;<em><strong>retinol cho người mới bắt đầu</strong></em>, để tr&aacute;nh những t&aacute;c dụng phụ, cũng như g&acirc;y tổn thương hay l&agrave;m l&agrave;n da nhạy cảm hơn.</p>\r\n\r\n<h4><em><strong>Bắt đầu chậm</strong></em></h4>\r\n\r\n<p>Hầu hết tất cả mọi người đều biết retinol được d&ugrave;ng ngo&agrave;i da v&agrave;o buổi tối v&agrave; tr&aacute;nh tiếp x&uacute;c trực tiếp với &aacute;nh nắng mặt trời. Tuy nhi&ecirc;n, c&aacute;ch tốt nhất để l&agrave;n da bạn th&iacute;ch ứng với retinol cũng như cho kết quả tốt nhất tr&aacute;nh c&aacute;c t&aacute;c dụng phụ, th&igrave; bạn cần bắt đầu chậm.</p>\r\n\r\n<p>Tuần 1-2: D&ugrave;ng 2 lần/tuần v&agrave; liều d&ugrave;ng bằng 1 hạt đậu</p>\r\n\r\n<p>Tuần 3-4: Tăng tần suất cũng như liều lượng 3-4 lần/tuần</p>\r\n\r\n<p>Từ tuần 5 trở đi dựa v&agrave;o phản ứng&nbsp; của da bạn c&oacute; thể d&ugrave;ng c&aacute;ch ng&agrave;y hoặc li&ecirc;n tục. Nhưng để cẩn thận hơn bạn n&ecirc;n d&ugrave;ng c&aacute;ch ng&agrave;y.</p>\r\n\r\n<p>Đối với những bạn d&ugrave;ng retinol lần đầu, n&ecirc;n thoa v&agrave;o cuối chu tr&igrave;nh chăm s&oacute;c da v&agrave; tr&aacute;nh tiếp x&uacute;c với &aacute;nh s&aacute;ng, kể cả &aacute;nh s&aacute;ng xanh, &aacute;nh s&aacute;ng điện thoại. D&ugrave;ng retinol nồng độ thấp sau tăng dần l&ecirc;n. Sau khi l&agrave;n da bạn đ&atilde; th&iacute;ch nghi, bạn c&oacute; thể d&ugrave;ng retinol trước bước kem dưỡng. Kh&ocirc;ng d&ugrave;ng v&agrave;o ban ng&agrave;y.</p>\r\n\r\n<blockquote>\r\n<p>Những sản phẩm retinol ph&ugrave; hợp cho người mới bắt đầu:</p>\r\n\r\n<ul>\r\n	<li><a href=\"https://cocolux.com/kem-ngua-mun,-chong-lao-hoa,-giam-nep-nhan-a313-pommade-retinol-cream-i.3760245852013\">Kem Ngừa Mụn, Chống L&atilde;o H&oacute;a, Giảm Nếp Nhăn A313 Pommade Retinol Cream</a>&nbsp;với nồng độ 0.02 c&oacute; t&aacute;c dụng l&agrave;m sạch lỗ ch&acirc;n l&ocirc;ng, ngăn ngừa dầu nhờn v&agrave; bụi bẩn t&iacute;ch tụ (nguy&ecirc;n nh&acirc;n h&igrave;nh th&agrave;nh mụn); giảm th&acirc;m mụn hiệu quả.</li>\r\n	<li><a href=\"https://cocolux.com/kem-ngua-mun-chong-lao-hoa-obagi-360-retinol-0.5-28g-i.362032070179\">Kem Ngừa Mụn Chống L&atilde;o H&oacute;a OBAGI 360 Retinol 0.5</a></li>\r\n	<li>Những sản phẩm retinol 1% (khi da đ&atilde; quen với retinol nồng độ thấp):&nbsp;<a href=\"https://cocolux.com/kem-ngua-mun-chong-lao-hoa-obagi-retinol-1.0-28g-i.362032070162\">Kem Đặc Trị Mụn OBAGI Retinol 1.0</a>,&nbsp;<a href=\"https://cocolux.com/tinh-chat-clinical-1-retinol-treatment-paula\'s-choice-5ml-i.0655439080170\">Tinh Chất Chống L&atilde;o H&oacute;a 1% Retinol Paula&#39;s Choice</a>,&nbsp;<a href=\"https://cocolux.com/tinh-chat-the-ordinary-retinol-1-in-squalane-30ml-i.769915194043\">Tinh Chất The Ordinary Retinol 1% in Squalane</a>.</li>\r\n</ul>\r\n</blockquote>\r\n\r\n<p><img src=\"https://cdn.cocolux.com/2021/12/images/products/1641348007558-cach-dung-retinol.jpeg\" /></p>\r\n\r\n<p><em>Lượng d&ugrave;ng retinol vừa phải tăng dần theo thời gian</em></p>\r\n\r\n<h4><em><strong>Cấp ẩm, phục hồi cho da</strong></em></h4>\r\n\r\n<p>Cấp ẩm v&agrave; phục hồi l&agrave; bước v&ocirc; c&ugrave;ng quan trọng đối với l&agrave;n da. Khi da bạn đang trong qu&aacute; tr&igrave;nh sử dụng retinol, l&agrave;n da dễ bị kh&ocirc; v&agrave; c&oacute; hiện tượng bong tr&oacute;c, l&uacute;c n&agrave;y bạn cần cung cấp cho da độ ẩm cần thiết cũng như B5 để phục hồi l&agrave;n da. B5 l&agrave;m dịu da, giảm t&igrave;nh trạng n&oacute;ng r&aacute;t, đỏ, nu&ocirc;i dưỡng v&agrave; phục hồi cấu tr&uacute;c l&agrave;n da.</p>\r\n\r\n<h4><em><strong>Ki&ecirc;n nhẫn theo d&otilde;i</strong></em></h4>\r\n\r\n<p>Retinol cần c&oacute; thời gian để ph&aacute;t huy t&aacute;c dụng, nhanh th&igrave; mất từ 2-4 th&aacute;ng, chậm 4-6 th&aacute;ng mới cảm nhận được sự thay đổi r&otilde; r&agrave;ng của l&agrave;n da. Trong thời gian đầu bạn thường gặp phải những t&aacute;c dụng phụ nhiều hơn l&agrave; t&aacute;c dụng ch&iacute;nh. Nhưng ho&agrave;n to&agrave;n y&ecirc;n t&acirc;m nh&eacute;, đấy l&agrave; những biểu hiện rất b&igrave;nh thường. Thường trong v&agrave;i tuần đầu l&agrave;m da sẽ c&oacute; thể đẩy mụn, bong da, bắt đầu từ tuần 12 l&agrave;n da sẽ cải thiện r&otilde; rệt. Nhưng đến tuần thứ 12 l&agrave;n da bạn vẫn bị ngứa, đỏ r&aacute;t v&agrave; đẩy mụn th&igrave; bạn h&atilde;y tham khảo th&ecirc;m tư vấn từ b&aacute;c sĩ, c&oacute; thể l&agrave;n da bạn kh&ocirc;ng ph&ugrave; hợp (trường hợp n&agrave;y rất &iacute;t xảy ra)</p>\r\n\r\n<h4><em><strong>Bảo vệ da</strong></em></h4>\r\n\r\n<p>Khi bạn d&ugrave;ng retinol tương đương với việc bạn đang peel da nhưng với nồng độ nhẹ. Ch&iacute;nh v&igrave; thế bạn cần chủ động bảo vệ da thật kỹ lượng, lớp da non rất dễ bị ảnh hưởng từ &aacute;nh nắng, kh&oacute;i bụi&hellip;Sử dụng&nbsp;<a href=\"https://cocolux.com/danh-muc/kem-chong-nang-sunscreen-i.35\"><u>kem chống nắng</u></a>&nbsp;thường xuy&ecirc;n v&agrave; che chắn kĩ lưỡng mỗi khi ra ngo&agrave;i. Ngo&agrave;i ra việc sử dụng kem chống nắng gi&uacute;p retinol ph&aacute;t huy tối đa c&ocirc;ng dụng của ch&iacute;nh n&oacute;.</p>\r\n\r\n<p><img src=\"https://cdn.cocolux.com/2021/12/images/products/1641347990958-cach-dung-retinol-1.jpeg\" /></p>\r\n\r\n<p><em>Chăm s&oacute;c bảo vệ da kỹ lưỡng khi d&ugrave;ng retinol</em></p>\r\n\r\n<p>Tr&ecirc;n đ&acirc;y l&agrave; một số th&ocirc;ng tin hữu &iacute;ch nhất về retinol cũng như c&aacute;ch d&ugrave;ng&nbsp;<em><strong>retinol cho người mới bắt đầu</strong></em>. C&ograve;n thắc mắc g&igrave; h&atilde;y li&ecirc;n hệ ngay cho Cocolux để được giải đ&aacute;p nh&eacute;. Hotline 098 88888 25 - nh&aacute;nh 106. Hoặc inbox trực tiếp tại Fanpage:&nbsp;<a href=\"https://www.facebook.com/cocoluxofficial\"><u>https://www.facebook.com/cocoluxofficial</u></a></p>\r\n', '1655030068_1641348039055-retinol-la-gi.png', 0),
(6, 'Hướng Dẫn Xây Dựng Quy Trình Chăm Sóc Da Đúng Chuẩn', '<p>a</p>\r\n', '<p><em><strong>Chăm s&oacute;c một l&agrave;n da khoẻ v&agrave; đẹp chưa bao giờ l&agrave; dễ d&agrave;ng, quy tr&igrave;nh chăm s&oacute;c da của bạn hiện tại đ&atilde; đủ v&agrave; đ&uacute;ng chưa? C&ugrave;ng Cocolux t&igrave;m ra một chu tr&igrave;nh chăm s&oacute;c da h&agrave;ng ng&agrave;y ph&ugrave; hợp cho l&agrave;n da bạn. Thấu hiểu l&agrave;n da của ch&iacute;nh m&igrave;nh l&agrave; bước quan trọng nhất để bạn t&igrave;m ra giải ph&aacute;p chăm da hiệu quả nhất!</strong></em></p>\r\n\r\n<p>&nbsp;</p>\r\n\r\n<p><img src=\"https://cdn.cocolux.com/2021/11/images/products/1636447858036-quy-trinh-cham-soc-da.png\" /></p>\r\n\r\n<p><em>Chăm s&oacute;c da đ&uacute;ng c&aacute;ch&nbsp;</em></p>\r\n\r\n<p>&nbsp;</p>\r\n\r\n<h3><strong>Bạn thuộc loại da g&igrave;?</strong></h3>\r\n\r\n<p>Bạn đ&atilde; x&aacute;c định ch&iacute;nh x&aacute;c l&agrave;n da m&igrave;nh l&agrave; da g&igrave; chưa? L&agrave;n da của ch&uacute;ng ta cơ bản được chia th&agrave;nh 5 loại:</p>\r\n\r\n<p>&nbsp;</p>\r\n\r\n<p><img src=\"https://cdn.cocolux.com/2021/11/images/products/1636447345861-phan-biet-cac-loai-da.jpeg\" /></p>\r\n\r\n<p><em>C&oacute; 5 nh&oacute;m da cơ bản</em></p>\r\n\r\n<h4><em><strong>Da thường</strong></em></h4>\r\n\r\n<p>Da thường được xem l&agrave; l&agrave;n da l&yacute; tưởng nhất m&agrave; mọi c&ocirc; g&aacute;i đều ao ước sở hữu. Da thường với khả năng c&acirc;n bằng độ ẩm da kh&ocirc;ng qu&aacute; dầu nhờn hoặc qu&aacute; kh&ocirc;, v&agrave; rất &iacute;t khuyết điểm. Đ&ocirc;i l&uacute;c v&ugrave;ng chữ T (tr&aacute;n, cằm, mũi) c&oacute; thể c&oacute; ch&uacute;t dầu thừa.</p>\r\n\r\n<p>&nbsp;</p>\r\n\r\n<p><img src=\"https://cdn.cocolux.com/2021/11/images/products/1636447382053-cham-soc-da-2.png\" /></p>\r\n\r\n<p><em>Da thường l&agrave;n da l&yacute; tưởng cho mọi c&ocirc; g&aacute;i</em></p>\r\n\r\n<p>Da thường c&oacute; đặc điểm:</p>\r\n\r\n<ul>\r\n	<li>Lỗ ch&acirc;n l&ocirc;ng nhỏ.</li>\r\n	<li>Lưu th&ocirc;ng m&aacute;u tốt.</li>\r\n	<li>Kết cấu da mịn, mềm v&agrave; mượt.</li>\r\n	<li>Da đều m&agrave;u, hồng h&agrave;o.</li>\r\n	<li>Kh&ocirc;ng c&oacute; khuyết điểm.</li>\r\n	<li>Người c&oacute; l&agrave;n da thường th&igrave; khi l&atilde;o h&oacute;a c&oacute; xu hướng kh&ocirc;.</li>\r\n</ul>\r\n\r\n<h4><em><strong>Da kh&ocirc;</strong></em></h4>\r\n\r\n<p>Da kh&ocirc; l&agrave; l&agrave;n da &iacute;t đổ dầu v&agrave; c&oacute; thể kh&ocirc;ng đổ dầu. Độ ẩm của da bắt nguồn từ lượng nước ở s&acirc;u dưới c&aacute;c lớp da v&agrave; từ tuyến mồ h&ocirc;i. L&agrave;n da lu&ocirc;n bị mất nước qua cơ chế:</p>\r\n\r\n<p>- Việc đổ mồ h&ocirc;i: Nước bị mất từ c&aacute;c tuyến m&ocirc;̀ h&ocirc;i bởi nhiệt độ, căng thẳng v&agrave; hoạt động.</p>\r\n\r\n<p>- Mất nước qua biểu b&igrave;: Theo tự nhi&ecirc;n, da khuếch t&aacute;n khoảng nửa l&iacute;t nước mỗi ng&agrave;y từ các lớp da s&acirc;u hơn.</p>\r\n\r\n<p>&nbsp;</p>\r\n\r\n<p><img src=\"https://cdn.cocolux.com/2021/11/images/products/1636447401846-cham-soc-da-1.jpeg\" /></p>\r\n\r\n<p><em>Da kh&ocirc; thường xuất hiện dấu hiệu l&atilde;o ho&aacute; sớm</em></p>\r\n\r\n<p>Da kh&ocirc; được chia th&agrave;nh 3 mức độ:</p>\r\n\r\n<p>- Da kh&ocirc; nhẹ c&oacute; thể cảm nhận l&agrave; căng, sần s&ugrave;i v&agrave; nh&igrave;n c&oacute; vẻ xỉn m&agrave;u. B&ecirc;n cạnh đ&oacute; độ đ&agrave;n hồi của da kh&aacute; thấp.</p>\r\n\r\n<p>- Da rất kh&ocirc;:</p>\r\n\r\n<ul>\r\n	<li>Da rất kh&ocirc; thường c&oacute; những biểu hiện tr&oacute;c vảy nhẹ hoặc dễ bong từng mảng.</li>\r\n	<li>Xuất hiện c&aacute;c vết sần s&ugrave;i v&agrave; đ&ocirc;́m màu (thỉnh thoảng trở th&agrave;nh l&atilde;o h&oacute;a sớm).</li>\r\n	<li>Cảm gi&aacute;c da qu&aacute; căng.</li>\r\n	<li>C&oacute; thể bị ngứa.</li>\r\n	<li>Da có th&ecirc;̉ nhạy cảm với những k&iacute;ch ứng, mẩn đỏ v&agrave; c&oacute; nguy cơ bị nhiễm tr&ugrave;ng.</li>\r\n</ul>\r\n\r\n<p>- Da cực k&igrave; kh&ocirc;: C&aacute;c v&ugrave;ng da cơ thể, đặc biệt da tay, ch&acirc;n, khuỷu tay v&agrave; đầu gối th&igrave; c&oacute; xu hướng:</p>\r\n\r\n<ul>\r\n	<li>Sần s&ugrave;i.</li>\r\n	<li>Bị nứt nẻ v&agrave; l&agrave;m da bị tổn thương.</li>\r\n	<li>C&aacute;c vết chai.</li>\r\n	<li>Vảy.</li>\r\n	<li>Ngứa thường xuy&ecirc;n.</li>\r\n	<li>Da cực k&igrave; kh&ocirc; th&igrave; thường xảy ra ở người lớn tuổi hoặc ở đ&ocirc;i tay kh&ocirc;ng được cung cấp đ&ocirc;̣ &acirc;̉m.</li>\r\n</ul>\r\n\r\n<h4><em><strong>Da dầu</strong></em></h4>\r\n\r\n<p>Da dầu l&agrave; l&agrave;n da sản sinh ra qu&aacute; nhiều dầu thừa tr&ecirc;n da, l&agrave;m mất đi độ ẩm c&acirc;n bằng tự nhi&ecirc;n. V&igrave; lượng dầu thừa qu&aacute; nhiều dẫn đến l&agrave;n da dầu thường c&oacute; những đặc điểm sau:</p>\r\n\r\n<ul>\r\n	<li>Lỗ ch&acirc;n l&ocirc;ng to, dễ thấy</li>\r\n	<li>M&agrave;u da thường xỉn m&agrave;u hoặc s&aacute;ng b&oacute;ng, d&agrave;y hơn.</li>\r\n	<li>Da dầu c&oacute; thi&ecirc;n hướng bị mụn trứng c&aacute; (đầu đen v&agrave; đầu trắng) v&agrave; rất nhiều loại mụn kh&aacute;c nhau.Với trường hợp bị mụn nhẹ, mụn trứng c&aacute; thường xuất hiện ở mặt, cổ, vai, lưng v&agrave; cả ngực.</li>\r\n	<li>Độ dầu tr&ecirc;n da c&oacute; thể thay đổi t&ugrave;y theo thời gian trong năm hoặc thời tiết.</li>\r\n</ul>\r\n\r\n<p>&nbsp;</p>\r\n\r\n<p><img src=\"https://cdn.cocolux.com/2021/11/images/products/1636447415759-cham-soc-da-3.jpeg\" /></p>\r\n\r\n<p><em>Da dầu dễ gặp phải t&igrave;nh trạng tắc nghẽn l&ocirc;ng ch&acirc;n l&ocirc;ng v&agrave; g&acirc;y mụn</em></p>\r\n\r\n<h4><em><strong>Da hỗn hợp</strong></em></h4>\r\n\r\n<p>Da hỗn hợp l&agrave; một kiểu da đặc biệt v&igrave; c&oacute; sự xuất hiện của hai hoặc hơn nhiều loại da tr&ecirc;n một khu&ocirc;n mặt. Da hỗn hợp cơ bản chia th&agrave;nh hai loại:</p>\r\n\r\n<ul>\r\n	<li><em>Hỗn hợp thi&ecirc;n dầu:</em>&nbsp;Phần chữ T (mũi, tr&aacute;n, cằm) sẽ tiết ra nhiều dầu v&agrave;o cả m&ugrave;a đ&ocirc;ng lẫn m&ugrave;a h&egrave;. Hai phần m&aacute; của bạn bị kh&ocirc; v&agrave; c&oacute; t&igrave;nh trạng bong tr&oacute;c.</li>\r\n	<li><em>Hỗn hợp thi&ecirc;n kh&ocirc;:</em>&nbsp;Phần da kh&ocirc; chiếm nhiều diện t&iacute;ch hơn so với phần tiết dầu tr&ecirc;n mặt. V&agrave;o l&uacute;c nhiệt độ tăng cao, v&ugrave;ng chữ T sẽ tiết ra nhiều dầu, c&ograve;n hai b&ecirc;n m&aacute; bị kh&ocirc;. Thời tiết kh&ocirc; hanh th&igrave; phần da ở m&aacute; c&oacute; thể sẽ bị bong tr&oacute;c.</li>\r\n</ul>\r\n\r\n<p>&nbsp;</p>\r\n\r\n<p><img src=\"https://cdn.cocolux.com/2021/11/images/products/1636447429163-cham-soc-da-4.png\" /></p>\r\n\r\n<p><em>Da hỗn hợp xuất hiện nhiều hơn một loại da tr&ecirc;n c&ugrave;ng khu&ocirc;n mặt</em></p>\r\n\r\n<p>&nbsp;Đặc điểm của da hỗn hợp:</p>\r\n\r\n<ul>\r\n	<li>Lỗ ch&acirc;n l&ocirc;ng to hơn b&igrave;nh thường</li>\r\n	<li>Mụn đầu đen</li>\r\n	<li>Da s&aacute;ng b&oacute;ng</li>\r\n</ul>\r\n\r\n<h4><em><strong>Da nhạy cảm</strong></em></h4>\r\n\r\n<p>Da nhạy cảm l&agrave; loại da rất kh&oacute; chăm s&oacute;c, da thường xuy&ecirc;n gặp hiện tượng ngứa, ch&acirc;m ch&iacute;ch, n&oacute;ng r&aacute;t, đỏ, căng sau khi tiếp x&uacute;c với mỹ phẩm, thức ăn, bụi bẩn hoặc c&aacute;c yếu tố kh&aacute;c từ m&ocirc;i trường. Da nhạy cảm c&oacute; thể l&agrave; do di truyền nhưng cũng c&oacute; thể do c&aacute;c yếu tố b&ecirc;n ngo&agrave;i v&agrave; chế độ sinh hoạt t&aacute;c động khiến l&agrave;n da trở n&ecirc;n nhạy cảm. L&agrave;n da nhạy cảm sẽ c&oacute; những biểu hiện sau:</p>\r\n\r\n<h3>&nbsp;</h3>\r\n\r\n<p><img src=\"https://cdn.cocolux.com/2021/11/images/products/1636447445552-cham-soc-da-5.jpeg\" /></p>\r\n\r\n<p><em>Da nhạy cảm kh&oacute; chăm s&oacute;c xuất hiện hiện tượng ngứa, đỏ, mẩn</em></p>\r\n\r\n<ul>\r\n	<li>Xuất hiện c&aacute;c phản ứng ở da như da bị mụn mủ, sần s&ugrave;i hoặc m&ograve;n da</li>\r\n	<li>Da trở n&ecirc;n rất kh&ocirc; r&aacute;t n&ecirc;n kh&ocirc;ng bảo vệ được đầu c&aacute;c d&acirc;y thần kinh tr&ecirc;n da</li>\r\n	<li>Da c&oacute; xu hướng đỏ mức độ từ &iacute;t đến nhiều</li>\r\n</ul>\r\n\r\n<h3><strong>X&acirc;y dựng quy tr&igrave;nh chăm s&oacute;c da</strong></h3>\r\n\r\n<p>Để sở hữu một l&agrave;n da đẹp, ngo&agrave;i thấu hiểu l&agrave;n da m&igrave;nh bạn cần c&oacute; một&nbsp;<em><strong>chu tr&igrave;nh chăm s&oacute;c da</strong></em>&nbsp;thật hợp l&yacute;. Chăm s&oacute;c da đ&uacute;ng c&aacute;ch cần thực hiện theo chu tr&igrave;nh như sau:</p>\r\n\r\n<h3><strong>L&agrave;m sạch da</strong></h3>\r\n\r\n<p>Bước l&agrave;m sạch v&ocirc; c&ugrave;ng quan trọng đối với chu tr&igrave;nh chăm s&oacute;c da của bạn. Da c&oacute; sạch lỗ ch&acirc;n l&ocirc;ng được th&ocirc;ng tho&aacute;ng th&igrave; lần da mới kh&ocirc;ng bị mụn cũng như hấp thụ tốt nhất c&aacute;c dưỡng chất từ những sản phẩm chăm s&oacute;c da về sau.</p>\r\n\r\n<p>&nbsp;</p>\r\n\r\n<p><img src=\"https://cdn.cocolux.com/2021/11/images/products/1636447499397-lam-sach-da.jpeg\" /></p>\r\n\r\n<p><em>L&agrave;m sạch da gi&uacute;p th&ocirc;ng tho&aacute;ng lỗ ch&acirc;n l&ocirc;ng ngăn ngừa mụn</em></p>\r\n\r\n<h4><em><strong>Tẩy trang</strong></em></h4>\r\n\r\n<p>Rất nhiều bạn cho rằng&nbsp;<em><strong>tẩy trang</strong></em>&nbsp;chỉ &aacute;p dụng cho những l&uacute;c trang điểm, SAI HO&Agrave;N TO&Agrave;N nh&eacute;. Kể cả khi kh&ocirc;ng trang điểm bạn cũng nhất định phải tẩy trang. Việc tẩy trang gi&uacute;p loại bỏ lớp dầu thừ, bụi bẩn, lớp trang điểm h&agrave;ng ng&agrave;y của bạn. Bề mặt da sạch gi&uacute;p hạn chế mụn bề mặt da th&ocirc;ng tho&aacute;ng.</p>\r\n\r\n<p>Bạn c&oacute; thể lựa chọn tẩy trang dạng nước, dạng s&aacute;p hay dạng dầu t&ugrave;y thuộc v&agrave;o loại da v&agrave; từng trường hợp bạn c&oacute; phải l&agrave; người thường xuy&ecirc;n makeup hay kh&ocirc;ng để lựa chọn loại ph&ugrave; hợp nhất</p>\r\n\r\n<blockquote>\r\n<p>&gt;&gt;&gt;Bạn đọc c&oacute; thể tham khảo nhiều loại tẩy trang hơn nữa tại website Cocolux:&nbsp;<a href=\"https://cocolux.com/danh-muc/tay-trang-micellar-water-i.23\">https://cocolux.com/danh-muc/tay-trang-micellar-water-i.23</a></p>\r\n</blockquote>\r\n\r\n<h4><em><strong>Rửa mặt</strong></em></h4>\r\n\r\n<p>Sau bước tẩy trang c&aacute;c bạn n&ecirc;n rửa mặt để đảm bảo l&agrave;n da sạch ho&agrave;n to&agrave;n. C&oacute; nhiều d&ograve;ng tẩy trang được t&iacute;ch hợp c&ocirc;ng nghệ hiện đại v&agrave; kh&ocirc;ng cần rửa lại mặt, nhưng bạn vẫn n&ecirc;n ưu &aacute;i việc rửa mặt. L&agrave;m sạch l&agrave;m m&aacute;t, trong l&uacute;c rửa mặt kết hợp massage gi&atilde;n cơ mặt, thư gi&atilde;n.</p>\r\n\r\n<p><em><strong>Cocolux</strong></em>&nbsp;khuy&ecirc;n bạn n&ecirc;n chọn&nbsp;<em><strong>sữa rửa mặt</strong></em>&nbsp;c&oacute; độ pH từ 5 &ndash; 6 ph&ugrave; hợp với l&agrave;n da. Những loại sữa rửa mặt c&oacute; độ pH cao hoặc thấp c&oacute; thể g&acirc;y kh&ocirc; da. Những Brands như: Vichy, La Roche-Posay, Hada Labo, Kiehl&rsquo;s, Eucerin&hellip; lu&ocirc;n đảm bảo độ pH chuẩn kh&ocirc;ng g&acirc;y kh&ocirc; hay k&iacute;ch ứng da.&nbsp;</p>\r\n\r\n<h4><em><strong>Tẩy tế b&agrave;o chết</strong></em></h4>\r\n\r\n<p><em><strong>Tẩy tế b&agrave;o chết</strong></em>&nbsp;l&agrave; một trong những bước kh&ocirc;ng thể thiếu trong&nbsp;<a href=\"https://cocolux.com/danh-muc/cham-soc-da-skincare-i.3\"><em><strong>chu tr&igrave;nh chăm s&oacute;c da</strong></em></a>&nbsp;của bạn. Theo quy luật đ&agrave;o thải của da, lớp biểu b&igrave; b&ecirc;n ngo&agrave;i sẽ gi&agrave; đi sần h&oacute;a ch&iacute;nh l&agrave; lớp da chết sạm m&agrave;u ngo&agrave;i c&ugrave;ng tr&ecirc;n bề mặt da. Tẩy da chết gi&uacute;p loại bỏ lớp da chết, th&uacute;c đẩy l&agrave;n da mới sản sinh căng mịn v&agrave; đều m&agrave;u hơn.</p>\r\n\r\n<p>Th&ocirc;ng thường c&aacute;c t&iacute;n đồ skincare n&ecirc;n tẩy da chết từ 2-3 lần/tuần. Kh&ocirc;ng n&ecirc;n qu&aacute; lạm dụng tr&aacute;nh g&acirc;y kh&ocirc; da hay trầy xước. Ưu ti&ecirc;n tẩy da chết dạng gel hoặc dạng scrub mịn.</p>\r\n\r\n<p>&nbsp;</p>\r\n\r\n<p><img src=\"https://cdn.cocolux.com/2021/11/images/products/1636447544045-tay-te-bao-chet-cho-da.jpeg\" /></p>\r\n\r\n<blockquote>\r\n<p>&gt;&gt;&gt;Tham khảo c&aacute;ch&nbsp;<a href=\"https://cocolux.com/tin-tuc/tay-da-chet-cho-da-mat-ban-dang-cham-soc-da-dung-cach-i.21\">tẩy da chết cho da mặt</a>&nbsp;đ&uacute;ng c&aacute;ch</p>\r\n</blockquote>\r\n\r\n<h4><em><strong>Toner</strong></em></h4>\r\n\r\n<p><em><strong>Toner</strong></em>&nbsp;hay được biết đến với t&ecirc;n gọi như nước hoa hồng, nước c&acirc;n bằng. Với c&ocirc;ng dụng bước đệm cuối c&ugrave;ng trong bước l&agrave;m sạch da, c&acirc;n bằng độ pH tr&ecirc;n da, đồng thời l&agrave; chất dẫn gi&uacute;p serum, dưỡng chất, kem dưỡng ph&aacute;t huy tối đa c&ocirc;ng dụng của ch&uacute;ng. Ngo&agrave;i ra c&oacute; nhiều loại nước hoa hồng c&oacute; t&aacute;c dụng cấp ẩm, l&agrave;m dịu da, toner d&agrave;nh cho da mụn, kiềm dầu rất đ&aacute;ng để trải nghiệm: Klais, Kiehl&rsquo;s, Eucerin, La Roche-Posay, SK II, Caryophy, Some By Me&hellip;</p>\r\n\r\n<h3><strong>Dưỡng da</strong></h3>\r\n\r\n<p>Sau bước l&agrave;m sạch ch&iacute;nh l&agrave; bước dưỡng da, cung cấp dưỡng chất cho da từ s&acirc;u b&ecirc;n trong, đẹp từ trong ra&nbsp; ngo&agrave;i.</p>\r\n\r\n<p>&nbsp;</p>\r\n\r\n<p><img src=\"https://cdn.cocolux.com/2021/11/images/products/1636447582474-duong-da.jpeg\" /></p>\r\n\r\n<p><em>Những bước dưỡng da cơ bản nhất</em></p>\r\n\r\n<h4><em><strong>Đắp mặt nạ</strong></em></h4>\r\n\r\n<p>Đắp mặt nạ gi&uacute;p hấp thụ lượng dầu thừa tr&ecirc;n da, th&ocirc;ng tho&aacute;ng lỗ ch&acirc;n l&ocirc;ng. Gi&uacute;p l&agrave;n da mịn m&agrave;ng, săn chắc, tươi mới hơn. B&ecirc;n cạnh đ&oacute; đắp mặt nạ gi&uacute;p xả stress hiệu, thoải m&aacute;i thư gi&atilde;n trẻ h&oacute;a l&agrave;n da. Hiện tại Cocolux đang c&oacute; những d&ograve;ng mặt nạ ph&ugrave; hợp với mong muốn kh&aacute;c nhau của từng l&agrave;n da cấp ẩm, mịn da, dưỡng s&aacute;ng, dưỡng trắng, chống l&atilde;o h&oacute;a&hellip;&nbsp;</p>\r\n\r\n<blockquote>\r\n<p>Đặc biệt hơn nữa l&agrave; d&ograve;ng mặt nạ Derm All Matrix c&oacute; thể thay thế to&agrave;n bộ c&aacute;c bước dưỡng da, h&uacute;t dầu thừa, sợi b&atilde; nhờn, thu nhỏ lỗ ch&acirc;n l&ocirc;ng v&agrave; gi&uacute;p da s&aacute;ng đều m&agrave;u. Link sản phẩm:&nbsp;<a href=\"https://cocolux.com/mat-na-derm-all-matrix-facial-dermal-care-mask-i.8809239802681\"><em>https://cocolux.com/mat-na-derm-all-matrix-facial-dermal-care-mask-i.8809239802681</em></a></p>\r\n\r\n<p>Hay những d&ograve;ng mặt nạ chuy&ecirc;n dụng trong spa giảm nhanh c&aacute;c k&iacute;ch ứng, sưng, đỏ&hellip; Mặt nạ SMAS:&nbsp;<a href=\"https://cocolux.com/mat-na-duong-va-phuc-hoi-da-smas-peptide-silk-mask-i.sp001224\"><em>https://cocolux.com/mat-na-duong-va-phuc-hoi-da-smas-peptide-silk-mask-i.sp001224</em></a></p>\r\n</blockquote>\r\n\r\n<p>C&aacute;c bạn lựa chọn cho m&igrave;nh những loại&nbsp;<a href=\"https://cocolux.com/danh-muc/mat-na-mask-i.33\"><em><strong>mặt nạ</strong></em></a>&nbsp;ph&ugrave; hợp với l&agrave;n da m&igrave;nh. Tần suất đắp mặt nạ từ 2-3 lần/tuần hoặc đắp c&aacute;ch ng&agrave;y để đạt hiệu quả tốt nhất.</p>\r\n\r\n<p>&nbsp;</p>\r\n\r\n<p><img src=\"https://cdn.cocolux.com/2021/11/images/products/1636447725561-mat-na.jpeg\" /></p>\r\n\r\n<p><em>Đắp mặt nạ thư gi&atilde;n cho da 2-3 lần/tuần</em></p>\r\n\r\n<h4><em><strong>Serum</strong></em></h4>\r\n\r\n<p>Serum với kết cấu tinh chất thẩm thấu nhanh v&agrave;o da, chứa c&aacute;c hoạt chất cao cấp chăm s&oacute;c l&agrave;n da từ s&acirc;u b&ecirc;n trong. Serum c&oacute; kết cấu lỏng với c&aacute;c ph&acirc;n tử nhỏ dễ d&agrave;ng thẩm thấu v&agrave;o da cung cấp nhiều dưỡng chất cho da. T&ugrave;y thuộc v&agrave;o th&agrave;nh phần hoạt chất b&ecirc;n trong, serum gi&uacute;p s&aacute;ng da, mịn m&agrave;ng, thu nhỏ lỗ ch&acirc;n l&ocirc;ng, cải thiện t&igrave;nh trọng kh&ocirc; da, k&iacute;ch th&iacute;ch sản sinh collagen gi&uacute;p l&agrave;n da săn chắc, chống l&atilde;o h&oacute;a, giảm nếp nhăn, mờ th&acirc;m n&aacute;m, trị mụn, bảo vệ da khỏi những t&aacute;c nh&acirc;n b&ecirc;n ngo&agrave;i.</p>\r\n\r\n<p>Serum l&agrave;m một bước kh&ocirc;ng thể thiếu trong chu tr&igrave;nh dưỡng da của c&aacute;c bạn. Với những trường hợp da nhiễm corticoid (th&agrave;nh phần c&oacute; trong kem trộn), serum B5 c&aacute;c t&aacute;c dụng phục hồi da rất tốt. Hay serum vitamin C d&ugrave;ng s&aacute;ng da, trị th&acirc;m d&ugrave;ng v&agrave;o buổi s&aacute;ng gi&uacute;p ph&aacute;t huy tối đa t&aacute;c dụng kem chống nắng. T&ugrave;y v&agrave;o từng th&agrave;nh phần của serum m&agrave; gi&uacute;p cải thiện l&agrave;n da bạn.</p>\r\n\r\n<blockquote>\r\n<p>&gt;&gt;&gt;Tổng hợp những loại serum ph&ugrave; hợp với l&agrave;n da mỗi người:&nbsp;<a href=\"https://cocolux.com/danh-muc/serum-i.28\"><em>https://cocolux.com/danh-muc/serum-i.28</em></a></p>\r\n</blockquote>\r\n\r\n<h4><em><strong>Kem dưỡng</strong></em></h4>\r\n\r\n<p>Bước cuối trong chu tr&igrave;nh chăm s&oacute;c da ban đ&ecirc;m l&agrave; kem dưỡng, được xem l&agrave; bước kh&oacute;a ẩm cuối c&ugrave;ng. Ngo&agrave;i việc bổ sung th&ecirc;m dưỡng chất cho da kem dưỡng c&ograve;n c&oacute; t&aacute;c dụng kh&oacute;a ẩm ngăn c&aacute;c dưỡng chất tho&aacute;t ngược ra ngo&agrave;i. Kem dưỡng gi&uacute;p da ngậm nước căng mịn, chống l&atilde;o h&oacute;a s&aacute;ng da cấp ẩm&hellip; T&ugrave;y v&agrave;o từng m&ugrave;a bạn n&ecirc;n chọn cho m&igrave;nh kem dưỡng dạng cream hay dạng gel thẩm thấu nhanh kh&ocirc;ng bị b&oacute;ng dầu.</p>\r\n\r\n<p>Ngo&agrave;i ra bạn c&oacute; thể sử dụng th&ecirc;m mặt nạ ngủ đắp qua đ&ecirc;m thư gi&atilde;n cấp ẩm cho những ng&agrave;y hanh kh&ocirc;.</p>\r\n\r\n<h3><strong>Bảo vệ da</strong></h3>\r\n\r\n<p>Dưỡng da th&ocirc;i l&agrave; chưa đủ, bạn cần bảo vệ da mọi l&uacute;c mọi nơi. Như bạn đ&atilde; r&otilde; kh&oacute;i bụi, nắng n&oacute;ng l&agrave; những t&aacute;c nh&acirc;n b&ecirc;n ngo&agrave;i g&acirc;y hại cho l&agrave;n da của bạn. Nội tiết tố, chế độ dinh dưỡng, t&acirc;m sinh l&yacute; l&agrave; nguy&ecirc;n nh&acirc;n b&ecirc;n trong t&aacute;c động đến l&agrave;n da bạn. Bảo vệ da từ b&ecirc;n ngo&agrave;i chăm s&oacute;c từ b&ecirc;n trong, duy tr&igrave; cải thiện bề mặt da mới gi&uacute;p l&agrave;n da&nbsp;<em>&ldquo;trẻ - khỏe - đẹp&rdquo;</em>. Đừng bao giờ bỏ qu&ecirc;n bước bảo vệ da nh&eacute; c&aacute;c n&agrave;ng. Nhớ kỹ thoa kem chống nắng cho da v&agrave;o mỗi buổi s&aacute;ng, nếu hoạt động trong nh&agrave; sau 4-5 tiếng bạn n&ecirc;n thoa lại một lần, nếu hoạt động ngo&agrave;i trời sau 2 - 3 tiếng n&ecirc;n thoa lại một lần. H&atilde;y đảm bảo rằng d&ugrave; nắng hay mưa bạn cũng n&ecirc;n thoa kem chống nắng nh&eacute;!</p>\r\n\r\n<p>&nbsp;</p>\r\n\r\n<p><img src=\"https://cdn.cocolux.com/2021/11/images/products/1636447685631-kem-chong-nang.jpeg\" /></p>\r\n\r\n<p><em>Sử dụng kem chống nắng thường xuy&ecirc;n bảo vệ da trước những t&aacute;c động m&ocirc;i trường</em></p>\r\n\r\n<p>Ngo&agrave;i việc thoa kem chống nắng, c&aacute;c bạn cũng cần bảo vệ da bằng c&aacute;ch che chắn &aacute;o chống nắng, mũ n&oacute;n, găng tay, khẩu trang trước khi ra khỏi nh&agrave;.</p>\r\n\r\n<p>Để đảm bảo rằng &ldquo;&ocirc;ng tổ&rdquo; skincare &ldquo;độ&rdquo; bạn th&igrave; h&atilde;y học c&aacute;ch quan t&acirc;m thấu hiểu l&agrave;n da của m&igrave;nh. Biết được l&agrave;n da m&igrave;nh đang cần g&igrave; thiếu g&igrave; th&igrave; bạn đ&atilde; gi&agrave;nh được 80% th&agrave;nh c&ocirc;ng tr&ecirc;n chặng đường chăm da rồi đấy! Ch&uacute;c tất cả c&aacute;c t&igrave;nh y&ecirc;u của&nbsp;<strong>Cocolux&nbsp;</strong>lu&ocirc;n c&oacute; một l&agrave;n da như m&igrave;nh mong muốn nh&eacute;</p>\r\n\r\n<p><em>Nguồn:&nbsp;</em><a href=\"https://cocolux.com/\"><em>Cocolux.com</em></a></p>\r\n\r\n<p>TIN TỨC LI&Ecirc;N QUAN</p>\r\n\r\n<p><a href=\"https://cocolux.com/tin-tuc/sieu-deal-sieu-shock-san-sale-gio-vang-cocolux-12th-tai-vincom-smart-city-i.137\"><img alt=\"https://cdn.cocolux.com/2022/04/images/categories/1651213565235-sale-89-mua-1-tang-1.jpeg\" src=\"https://cdn.cocolux.com//2022/04/images/categories/1651213565235-sale-89-mua-1-tang-1-400x400.jpeg\" /></a><a href=\"https://cocolux.com/tin-tuc/sieu-deal-sieu-shock-san-sale-gio-vang-cocolux-12th-tai-vincom-smart-city-i.137\" title=\"SIÊU DEAL SIÊU SHOCK - RỰC RỠ CÙNG COCOLUX 12TH TẠI VINCOM SMART CITY\">SI&Ecirc;U DEAL SI&Ecirc;U SHOCK - RỰC RỠ C&Ugrave;NG COCOLUX 12TH TẠI VINCOM SMART CITY</a></p>\r\n\r\n<p>H&ograve;a trong kh&ocirc;ng kh&iacute; tưng bừng, n&aacute;o nhiệt với sự hưởng ứng nồng nhiệt của c&aacute;c t&iacute;n đồ l&agrave;m đẹp chốn H&agrave; Th&agrave;nh mừng khai trương Cocolux Vincom Smart City, Cocolux tiếp tục chuỗi chương tr&igrave;nh Si&ecirc;u Deal Si&ecirc;u Shock</p>\r\n\r\n<p><a href=\"https://cocolux.com/tin-tuc/cocolux-khai-truong-cua-hang-thu-12-tai-vincom-smart-city-i.135\"><img alt=\"https://cdn.cocolux.com/2022/04/images/categories/1650956133779-chuong-trinh-khai-truong.jpeg\" src=\"https://cdn.cocolux.com//2022/04/images/categories/1650956133779-chuong-trinh-khai-truong-400x400.jpeg\" /></a><a href=\"https://cocolux.com/tin-tuc/cocolux-khai-truong-cua-hang-thu-12-tai-vincom-smart-city-i.135\" title=\"HAPPY GRAND OPENING COCOLUX 12TH - BÙNG NỔ CÙNG VINCOM SMART CITY\">HAPPY GRAND OPENING COCOLUX 12TH - B&Ugrave;NG NỔ C&Ugrave;NG VINCOM SMART CITY</a></p>\r\n\r\n<p>HAPPY GRAND OPENING COCOLUX 12TH - B&Ugrave;NG NỔ C&Ugrave;NG VINCOM SMART CITY</p>\r\n\r\n<p><a href=\"https://cocolux.com/tin-tuc/cocolux-khai-truong-ho-chi-minh-i.134\"><img alt=\"https://cdn.cocolux.com/2022/04/images/categories/1650612544220-cocolux_khai_truong_ho_chi_minh.jpeg\" src=\"https://cdn.cocolux.com//2022/04/images/categories/1650612544220-cocolux_khai_truong_ho_chi_minh-400x400.jpeg\" /></a><a href=\"https://cocolux.com/tin-tuc/cocolux-khai-truong-ho-chi-minh-i.134\" title=\"COCOLUX TƯNG BỪNG KHAI TRƯƠNG CƠ SỞ ĐẦU TIÊN TẠI TP.HCM - ĐÁNH DẤU BƯỚC NAM TIẾN ĐẦY TÁO BẠO\">COCOLUX TƯNG BỪNG KHAI TRƯƠNG CƠ SỞ ĐẦU TI&Ecirc;N TẠI TP.HCM - Đ&Aacute;NH DẤU BƯỚC NAM TIẾN ĐẦY T&Aacute;O BẠO</a></p>\r\n\r\n<p>Th&aacute;ng 04/2022, Cocolux ch&iacute;nh thức nổ ph&aacute;t s&uacute;ng đầu ti&ecirc;n tại TP.Hồ Ch&iacute; Minh, tọa lạc tại 525 Quang Trung, quận G&ograve; Vấp, để đ&aacute;p ứng nhu cầu mua sắm đa dạng của c&aacute;c t&iacute;n đồ l&agrave;m đẹp.</p>\r\n\r\n<p><a href=\"https://cocolux.com/tin-tuc/sieu-hot-nhung-hinh-anh-ro-net-xin-so-dau-tien-ben-trong-cua-hang-Cocolux-525-Quang-Trung-Go-Vap-Ho-Chi-Minh-i.132\"><img alt=\"https://cdn.cocolux.com/2022/04/images/categories/1649818825097-044535c17416ba48e307.jpeg\" src=\"https://cdn.cocolux.com//2022/04/images/categories/1649818825097-044535c17416ba48e307-400x400.jpeg\" /></a><a href=\"https://cocolux.com/tin-tuc/sieu-hot-nhung-hinh-anh-ro-net-xin-so-dau-tien-ben-trong-cua-hang-Cocolux-525-Quang-Trung-Go-Vap-Ho-Chi-Minh-i.132\" title=\"SIÊU HOT: Những hình ảnh rõ nét &quot;xịn sò &quot; đầu tiên bên trong cửa hàng Cocolux 525 Quang Trung, Gò Vấp Tp.HCM\">SI&Ecirc;U HOT: Những h&igrave;nh ảnh r&otilde; n&eacute;t &quot;xịn s&ograve; &quot; đầu ti&ecirc;n b&ecirc;n trong cửa h&agrave;ng Cocolux 525 Quang Trung, G&ograve; Vấp Tp.HCM</a></p>\r\n\r\n<p>Cocolux - Hệ thống mỹ phẩm ch&iacute;nh h&atilde;ng c&oacute; quy m&ocirc; h&agrave;ng đầu Việt Nam ch&iacute;nh thức khai trường cơ sở đầu ti&ecirc;n tại th&agrave;nh phố Hồ Ch&iacute; Minh v&agrave;o ng&agrave;y 16/04.</p>\r\n\r\n<p><a href=\"https://cocolux.com/tin-tuc/happy-grand-opening-cocolux-11th-525-quang-trung-go-vap-ho-chi-minh-i.131\"><img alt=\"https://cdn.cocolux.com/2022/04/images/categories/1649468810447-0.jpeg\" src=\"https://cdn.cocolux.com//2022/04/images/categories/1649468810447-0-400x400.jpeg\" /></a><a href=\"https://cocolux.com/tin-tuc/happy-grand-opening-cocolux-11th-525-quang-trung-go-vap-ho-chi-minh-i.131\" title=\"HAPPY GRAND OPENING COCOLUX 11TH - 525 QUANG TRUNG, GÒ VẤP, HỒ CHÍ MINH\">HAPPY GRAND OPENING COCOLUX 11TH - 525 QUANG TRUNG, G&Ograve; VẤP, HỒ CH&Iacute; MINH</a></p>\r\n\r\n<p>Si&ecirc;u DEAL ho&agrave;nh tr&aacute;ng c&ugrave;ng Cơn b&atilde;o #Qu&agrave;_tặng mừng KHAI TRƯƠNG #COCOLUX CƠ SỞ 11 tại 525 Quang Trung, Q. G&ograve; Vấp sắp sửa bắt đ&acirc;̀u r&ocirc;̀i các c&acirc;̣u ơ</p>\r\n\r\n<p><a href=\"https://cocolux.com/tin-tuc/cach-trang-diem-mat-dep-tu-nhien-i.129\"><img alt=\"https://cdn.cocolux.com/2022/03/images/categories/1646794281922-trang-diem-mat-dep.png\" src=\"https://cdn.cocolux.com//2022/03/images/categories/1646794281922-trang-diem-mat-dep-400x400.png\" /></a><a href=\"https://cocolux.com/tin-tuc/cach-trang-diem-mat-dep-tu-nhien-i.129\" title=\"Hướng dẫn cách trang điểm mắt đẹp tự nhiên cho nàng\">Hướng dẫn c&aacute;ch trang điểm mắt đẹp tự nhi&ecirc;n cho n&agrave;ng</a></p>\r\n\r\n<p>C&aacute;ch trang điểm mắt tự nhi&ecirc;n đang được rất nhiều bạn trẻ &aacute;p dụng, chỉ với những bước cơ bản sau đ&acirc;y bạn đ&atilde; sở hữu cho m&igrave;nh một đ&ocirc;i mắt nhẹ nh&agrave;ng nhưng cực kỳ cuốn h&uacute;t.</p>\r\n\r\n<p><a href=\"https://cocolux.com/tin-tuc/tac-dung-cua-bot-tra-xanh-trong-cham-soc-da-i.128\"><img alt=\"https://cdn.cocolux.com/2022/03/images/categories/1646724998187-bot-tra-xanh-1.jpeg\" src=\"https://cdn.cocolux.com//2022/03/images/categories/1646724998187-bot-tra-xanh-1-400x400.jpeg\" /></a><a href=\"https://cocolux.com/tin-tuc/tac-dung-cua-bot-tra-xanh-trong-cham-soc-da-i.128\" title=\"Tác dụng của bột trà xanh trong chăm sóc da\">T&aacute;c dụng của bột tr&agrave; xanh trong chăm s&oacute;c da</a></p>\r\n\r\n<p>Trong bột tr&agrave; xanh chứa c&aacute;c th&agrave;nh phần vitamin E, vitamin A, vitamin C&hellip; kh&ocirc;ng chỉ tốt cho sức khỏe m&agrave; c&ograve;n rất tốt cho l&agrave;n da kh&aacute;ng khuẩn, kh&aacute;ng vi&ecirc;m, chống l&atilde;o ho&aacute;&hellip;</p>\r\n\r\n<p><a href=\"https://cocolux.com/tin-tuc/review-bong-tay-trang-ipek-i.127\"><img alt=\"https://cdn.cocolux.com/2022/03/images/categories/1646713107439-bong-tay-trang-ipek.png\" src=\"https://cdn.cocolux.com//2022/03/images/categories/1646713107439-bong-tay-trang-ipek-400x400.png\" /></a><a href=\"https://cocolux.com/tin-tuc/review-bong-tay-trang-ipek-i.127\" title=\"REVIEW BÔNG TẨY TRANG IPEK – SẢN PHẨM ĐƯỢC CÁC CHỊ EM YÊU THÍCH\">REVIEW B&Ocirc;NG TẨY TRANG IPEK &ndash; SẢN PHẨM ĐƯỢC C&Aacute;C CHỊ EM Y&Ecirc;U TH&Iacute;CH</a></p>\r\n\r\n<p>B&ocirc;ng tẩy trang l&agrave; sản phẩm chăm s&oacute;c da kh&ocirc;ng thể thiếu của c&aacute;c chị em. B&ocirc;ng tẩy trang kh&ocirc;ng chỉ hỗ trợ tẩy sạch lớp make up m&agrave; c&ograve;n gi&uacute;p hỗ trợ chăm s&oacute;c da hiệu quả.</p>\r\n\r\n<p><a href=\"https://cocolux.com/tin-tuc/bha-hieu-qua-cho-nguoi-moi-bat-dau-i.126\"><img alt=\"https://cdn.cocolux.com/2022/03/images/categories/1646454191149-bha-cho-nguoi-moi-bat-dau-3.jpeg\" src=\"https://cdn.cocolux.com//2022/03/images/categories/1646454191149-bha-cho-nguoi-moi-bat-dau-3-400x400.jpeg\" /></a><a href=\"https://cocolux.com/tin-tuc/bha-hieu-qua-cho-nguoi-moi-bat-dau-i.126\" title=\"Hướng dẫn sử dụng BHA hiệu quả cho người mới bắt đầu\">Hướng dẫn sử dụng BHA hiệu quả cho người mới bắt đầu</a></p>\r\n\r\n<p>Nếu bạn l&agrave; người mới bắt đầu sử dụng BHA th&igrave; cần phải lưu &yacute; đến những đặc điểm dưới đ&acirc;y, sử dụng đ&uacute;ng c&aacute;ch v&agrave; mang lại hiệu quả tốt nhất cho l&agrave;n da.</p>\r\n\r\n<p>&nbsp;</p>\r\n', '1655030108_1636447858036-quy-trinh-cham-soc-da.png', 0);
INSERT INTO `News` (`id`, `title`, `description`, `content`, `photo`, `hot`) VALUES
(7, 'Da mụn đừng vội lo lắng \"Cách chăm sóc da mụn hiệu quả\"', '<p>a</p>\r\n', '<p><em><strong>Mụn đ&atilde; trở th&agrave;nh nỗi &aacute;m ảnh của tất cả chị em. Bắt đầu từ tuổi dậy th&igrave; l&agrave;n da của bạn sẽ c&oacute; rất nhiều thay đổi, lượng b&atilde; nhờn tiết ra ng&agrave;y c&agrave;ng nhiều hơn, ch&iacute;nh l&agrave; nguy&ecirc;n nh&acirc;n dẫn đến những đốm mụn. Nhưng bạn đừng vội hoang mang v&igrave; Cocolux đ&atilde; c&oacute; những phương ph&aacute;p gi&uacute;p bạn điều trị mụn tốt nhất. Một liệu tr&igrave;nh chăm s&oacute;c da khoa học sẽ gi&uacute;p bạn đẩy l&ugrave;i những con mụn đ&aacute;ng gh&eacute;t.</strong></em></p>\r\n\r\n<h3><strong>Nguy&ecirc;n nh&acirc;n g&acirc;y ra mụn</strong></h3>\r\n\r\n<p>T&igrave;nh trạng mụn hiện giờ của bạn l&agrave; do nguy&ecirc;n nh&acirc;n g&igrave;? Phải tự t&igrave;m được c&acirc;u trả lời th&igrave; việc&nbsp;<a href=\"https://cocolux.com/danh-muc/kem-tri-mun-acne-treatment-i.30\"><em><strong><u>chăm s&oacute;c da mụn</u></strong></em></a>&nbsp;mới trở n&ecirc;n dễ d&agrave;ng hơn. Những nguy&ecirc;n nh&acirc;n g&acirc;y mụn phổ biến nhất bao gồm:</p>\r\n\r\n<h4><em><strong>Ảnh hưởng từ c&aacute;c yếu tố b&ecirc;n ngo&agrave;i</strong></em></h4>\r\n\r\n<p>Da mụn l&agrave; do bề mặt da bị b&iacute;t tắc, miệng nang l&ocirc;ng kh&ocirc;ng đưa được b&atilde; nhờn ra ngo&agrave;i da dẫn đến h&igrave;nh th&agrave;nh nh&acirc;n mụn ở cổ nang l&ocirc;ng. Kh&oacute;i bụi ch&iacute;nh l&agrave; nguy&ecirc;n nh&acirc;n g&acirc;y tắc nghẽn, với điều kiện kh&iacute; hậu n&oacute;ng ẩm tại Việt Nam như hiện nay k&egrave;m theo &ocirc; nhiễm m&ocirc;i trường đ&atilde; dần l&agrave;m l&agrave;n da trở n&ecirc;n nhạy cảm dễ bị mụn hơn.</p>\r\n\r\n<p><img src=\"https://cdn.cocolux.com/2021/12/images/products/1641366369657-nguyen-nhan-gay-mun.jpeg\" /></p>\r\n\r\n<p><em>T&aacute;c động m&ocirc;i trường g&acirc;y mụn cho l&agrave;n da bạn</em></p>\r\n\r\n<h4><em><strong>Sản phẩm chăm s&oacute;c da kh&ocirc;ng ph&ugrave; hợp với l&agrave;n da bạn</strong></em></h4>\r\n\r\n<p>Da của bạn thuộc loại da n&agrave;o? Da dầu, da kh&ocirc;, da thường, da hỗn hợp, da hỗn hợp thi&ecirc;n dầu, da hỗn hợp thi&ecirc;n kh&ocirc;, da nhạy cảm. T&ugrave;y v&agrave;o từng loại da sẽ c&oacute; những sản phẩm ph&ugrave; hợp nhất. V&iacute; dụ như da dầu th&igrave; sẽ ph&ugrave; hợp hơn với những sản phẩm lỏng, gel c&oacute; khả năng thẩm thấu nhanh, mỏng nhẹ để tr&aacute;nh g&acirc;y b&iacute;t tắc lỗ ch&acirc;n l&ocirc;ng. C&ograve;n đối với da kh&ocirc; n&ecirc;n chọn những sản phẩm c&oacute; độ ẩm cao, kết cấu sản phẩm dạng cream. Hay đối với da mụn th&igrave; sẽ kh&ocirc;ng lựa chọn những sản phẩm c&oacute; th&agrave;nh phần dưỡng trắng, ưu ti&ecirc;n những sản phẩm cấp ẩm phục hồi da.</p>\r\n\r\n<p><img src=\"https://cdn.cocolux.com/2021/12/images/products/1641366383957-cham-soc-da-dung-cach-1.jpeg\" /></p>\r\n\r\n<p><em>Lựa chọn sản phẩm chăm s&oacute;c da ph&ugrave; hợp</em></p>\r\n\r\n<h4><em><strong>Kh&ocirc;ng vệ sinh cọ trang điểm, dụng cụ chăm s&oacute;c da</strong></em></h4>\r\n\r\n<p>Trang điểm h&agrave;ng ng&agrave;y gi&uacute;p bạn kh&ocirc;ng những xinh đẹp m&agrave; c&ograve;n tự tin hơn rất nhiều. Nhưng trang điểm nhiều kh&ocirc;ng phải l&agrave; nguy&ecirc;n nh&acirc;n g&acirc;y ra mụn, v&igrave; những sản phẩm trang điểm đa phần đều chứa những th&agrave;nh phần chăm s&oacute;c v&agrave; bảo vệ da. M&agrave; nguy&ecirc;n nh&acirc;n g&acirc;y ra mụn l&agrave; do bạn kh&ocirc;ng tẩy trang kĩ c&agrave;ng, bước l&agrave;m sạch của bạn đang gặp vấn đề hay những dụng cụ của bạn kh&ocirc;ng được vệ sinh sạch sẽ, dẫn đến h&igrave;nh th&agrave;nh mụn. Cọ trang điểm hay những dụng cụ&nbsp;<em><strong>chăm s&oacute;c da</strong></em>&nbsp;mặt kh&aacute;c của bạn n&ecirc;n được vệ sinh định kỳ đảm bảo sạch sẽ cho những lần d&ugrave;ng tiếp theo.</p>\r\n\r\n<p>&nbsp;</p>\r\n\r\n<p><img src=\"https://cdn.cocolux.com/2021/12/images/products/1641366405773-co-trang-diem.jpeg\" /></p>\r\n\r\n<p><em>Thường xuy&ecirc;n vệ sinh cọ trang điểm</em></p>\r\n\r\n<h4><em><strong>Tiếp x&uacute;c với những vật dụng h&agrave;ng ng&agrave;y</strong></em></h4>\r\n\r\n<p>C&oacute; thể bạn chưa biết h&agrave;nh động đưa tay l&ecirc;n sờ mặt ch&iacute;nh l&agrave; một nguy&ecirc;n nh&acirc;n trực tiếp dẫn đến h&igrave;nh th&agrave;nh mụn. Những dụng cụ v&ocirc; t&igrave;nh trở th&agrave;nh &ldquo;s&aacute;t nh&acirc;n&rdquo; g&acirc;y mụn như điện thoại, tay, khăn mặt, khẩu trang, mũ n&oacute;n&hellip; Tất cả những thứ tiếp x&uacute;c với da mặt phải đảm bảo sạch sẽ để kh&ocirc;ng g&acirc;y mụn. Để hạn chế mụn, th&igrave; bạn cũng cần hạn chế tối đa việc tiếp x&uacute;c những đồ vật l&ecirc;n bề mặt của bạn.</p>\r\n\r\n<h4><em><strong>Thức khuya, Stress, chế độ ăn uống</strong></em></h4>\r\n\r\n<p>Khi bước sang tuổi dậy th&igrave; t&acirc;m sinh l&yacute; của mỗi người sẽ dần thay đổi, dẫn đến nội tiết tố của cơ thể cũng thay đổi theo v&agrave; n&oacute; ảnh hưởng rất nhiều đến l&agrave;n da của bạn. Thức khuya, stress sẽ g&acirc;y mất c&acirc;n bằng hormone trong cơ thể v&agrave; dẫn đến h&igrave;nh th&agrave;nh mụn. Sau 23h l&agrave; thời gian cơ thể bắt đầu đ&agrave;o thải độc tố, nhưng v&igrave; những l&yacute; do n&agrave;o đ&oacute; m&agrave; bạn vẫn chưa thể đi ngủ. Điều n&agrave;y ảnh hưởng rất nhiều đến cơ thể v&agrave; biểu hiện r&otilde; r&agrave;ng nhất qua l&agrave;n da, những độc tố kh&ocirc;ng được đ&agrave;o thải sẽ h&igrave;nh th&agrave;nh n&ecirc;n nhiều nh&acirc;n mụn. K&egrave;m theo đ&oacute; l&agrave; chế độ ăn uống kh&ocirc;ng khoa học, ăn đồ cay n&oacute;ng, ăn đồ chi&ecirc;n nhiều dầu mỡ cũng l&agrave; nguy&ecirc;n nh&acirc;n dẫn đến mụn.</p>\r\n\r\n<p><img src=\"https://cdn.cocolux.com/2021/12/images/products/1641366436412-cham-soc-da.jpeg\" /></p>\r\n\r\n<p><em>Thức khuya, ăn uống kh&ocirc;ng khoa học ảnh hưởng xấu đến l&agrave;n da</em></p>\r\n\r\n<h3><strong>Chăm s&oacute;c da mụn hiệu quả đ&uacute;ng c&aacute;ch</strong></h3>\r\n\r\n<p>Muốn điều trị mụn dứt điểm th&igrave; bạn cần c&oacute; thời gian, ki&ecirc;n nhẫn, khoa học v&agrave; đ&uacute;ng c&aacute;ch. Bạn cần duy tr&igrave; những bước chăm s&oacute;c da dưới đ&acirc;y đều đặn kể cả trong v&agrave; sau qu&aacute; tr&igrave;nh trị mụn:</p>\r\n\r\n<h4><em><strong>Tẩy trang, rửa mặt đ&uacute;ng c&aacute;ch</strong></em></h4>\r\n\r\n<p>Để bảo vệ da trước sự x&acirc;m lấn của mụn bạn cần đảm bảo đ&atilde; l&agrave;m sạch da đ&uacute;ng c&aacute;ch mỗi ng&agrave;y. Loại bỏ hết dầu thừa v&agrave; bụi bẩn tr&ecirc;n da, gi&uacute;p th&ocirc;ng tho&aacute;ng lỗ ch&acirc;n l&ocirc;ng hạn chế mụn. V&agrave;o cuối ng&agrave;y bạn n&ecirc;n sử dụng tẩy trang v&agrave; sữa rửa mặt để l&agrave;m sạch nhất bề mặt da của m&igrave;nh. Với l&agrave;n da mụn, bạn n&ecirc;n lựa chọn những d&ograve;ng nước tẩy trang dịu nhẹ với th&agrave;nh phần l&agrave;nh t&iacute;nh như<a href=\"https://cocolux.com/nuoc-tay-trang-la-roche-posay-danh-cho-da-nhay-cam-400ml-i.3337872411595\">&nbsp;<em><strong><u>tẩy trang La Roche-Posay d&agrave;nh cho da nhạy cảm</u></strong></em></a>, tẩy trang Bioderma, Eucerin&hellip; nhẹ nh&agrave;ng lấy đi bụi bẩn v&agrave; dầu thừa.&nbsp;</p>\r\n\r\n<p><img src=\"https://cdn.cocolux.com/2021/12/images/products/1641366477811-lam-sach-da.jpeg\" /></p>\r\n\r\n<p><em>&nbsp;L&agrave;m sạch da đ&uacute;ng c&aacute;ch</em></p>\r\n\r\n<p>Đối với sữa rửa mặt, bạn chỉ n&ecirc;n rửa tối đa 2 lần/ng&agrave;y v&agrave; lựa chọn những d&ograve;ng sản phẩm c&oacute; độ pH từ 5 - 6.5 l&agrave; ph&ugrave; hợp nhất. V&iacute; dụ sữa rửa mặt của Hada Labo, La Roche-Posay, CeraVe, Eucerin, Cetaphil, Paula&#39;s Choice, Vichy&hellip; Khi rửa mặt n&ecirc;n tạo bọt tối đa nhất c&oacute; thể, những hạt ph&acirc;n tử c&oacute; thể len lỏi s&acirc;u v&agrave;o lỗ ch&acirc;n l&ocirc;ng để l&agrave;m sạch. Tr&aacute;nh việc ch&agrave; x&aacute;t mạnh vỡ nh&acirc;n mụn khiến l&acirc;y lan mụn diện rộng, thay v&agrave;o đ&oacute; h&atilde;y massage nhẹ nh&agrave;ng.</p>\r\n\r\n<h4><em><strong>Loại bỏ tế b&agrave;o chết cho da</strong></em></h4>\r\n\r\n<p>Lớp biểu b&igrave; gi&agrave; cỗi tr&ecirc;n da hay c&ograve;n gọi l&agrave; da chết cũng l&agrave; nguy&ecirc;n nh&acirc;n g&acirc;y mụn. Đều đặn tẩy da chết 1 - 2 lần/tuần sẽ gi&uacute;p l&agrave;n da khỏe mạnh hơn, hấp thu được nhiều dưỡng chất hơn, gi&uacute;p bề mặt da th&ocirc;ng tho&aacute;ng.</p>\r\n\r\n<p>Tẩy da chết bằng những sản phẩm tẩy da chết vật l&yacute; đ&atilde; qu&aacute; quen thuộc, h&atilde;y thay đổi bằng phương ph&aacute;p tẩy da chết h&oacute;a học ph&ugrave; hợp hơn, đặc biệt đổi với những l&agrave;n da mụn.&nbsp;<em><strong>BHA</strong></em>, AHA l&agrave; những anh h&ugrave;ng cứu tinh cho l&agrave;n da mụn. Với đặc t&iacute;nh gốc dầu, n&ecirc;n BHA c&oacute; thể thẩm thấu qua lỗ ch&acirc;n l&ocirc;ng chứa đầy c&aacute;c b&atilde; nhờn, từ đ&oacute; loại bỏ b&atilde; dầu tắc nghẽn g&acirc;y n&ecirc;n mụn, đồng thời kiểm so&aacute;t lượng dầu thừa. BHA hoạt động kh&aacute; nhẹ nh&agrave;ng, nếu bạn c&oacute; một l&agrave;n da nhạy cảm, dễ k&iacute;ch ứng th&igrave;&nbsp;<em><strong>BHA</strong></em>&nbsp;l&agrave; lựa chọn tối ưu.</p>\r\n\r\n<p>***Tham khảo d&ograve;ng sản phẩm<a href=\"https://cocolux.com/dung-dich-loai-bo-te-bao-chet-2%-bha-paula\'s-choice-i.0655439020169\">&nbsp;<em><u>Dung Dịch Tẩy Da Chết Paula&#39;s Choice 2% BHA</u></em></a></p>\r\n\r\n<p><img src=\"https://cdn.cocolux.com/2021/12/images/products/1641366498629-dung-dich-tay-da-chet-paula-s-choice-bha-2-118ml.jpeg\" /></p>\r\n\r\n<p><em>Dung Dịch Tẩy Da Chết Paula&#39;s Choice 2% BHA</em></p>\r\n\r\n<h4><em><strong>D&ugrave;ng sản phẩm chăm s&oacute;c da mụn</strong></em></h4>\r\n\r\n<p>Đối với l&agrave;n da mụn việc chăm s&oacute;c cũng trở n&ecirc;n tỉ mỉ hơn, những sản phẩm chăm s&oacute;c da cần được chọn lựa kỹ lưỡng v&agrave; ph&ugrave; hợp với l&agrave;n da mụn. Lựa chọn nước hoa hồng gi&uacute;p kiềm dầu, thu nhỏ lỗ ch&acirc;n l&ocirc;ng v&agrave; hỗ trợ điều trị mụn như nước hoa hồng Effaclar La Roche-Posay,&nbsp;<em><strong>nước hoa hồng trị mụn Caryophy</strong></em>, nước hoa hồng cho da mụn Meishoku&hellip;&nbsp;</p>\r\n\r\n<p>B&ecirc;n cạnh nước hoa hồng bạn n&ecirc;n lựa chọn th&ecirc;m cho m&igrave;nh những&nbsp;<em><strong>sản phẩm chuy&ecirc;n trị mụn</strong></em>&nbsp;như: tinh chất trị mụn của Paula&#39;s Choice, Duo+ La Roche-Posay, tinh dầu trị mụn Naruko, The Body Shop, Eucerin&hellip;. Kết hợp chế độ ăn uống l&agrave;nh mạnh, kh&ocirc;ng ăn đồ cay n&oacute;ng, dầu mỡ, ăn nhiều hoa quả, uống đủ 2 l&iacute;t nước mỗi ng&agrave;y.</p>\r\n\r\n<p><img src=\"https://cdn.cocolux.com/2021/12/images/products/1641366512719-cham-soc-da-dung-cach.jpeg\" /></p>\r\n\r\n<p><em>Chăm s&oacute;c da mụn hiệu quả</em></p>\r\n\r\n<h4><em><strong>D&ugrave;ng kem chống nắng bảo vệ da</strong></em></h4>\r\n\r\n<p>Bất kỳ l&agrave;n da n&agrave;o cũng cần được bảo vệ thật kỹ lưỡng, đặc biệt l&agrave; chăm s&oacute;c da mụn. Sử dụng&nbsp;<em><strong>kem chống nắng</strong></em>&nbsp;kh&ocirc;ng những bảo vệ da trước t&aacute;c hại của tia UV m&agrave; c&ograve;n c&oacute; t&aacute;c dụng kiềm dầu, tạo ra một m&agrave;ng bảo vệ da trước kh&oacute;i bụi &ocirc; nhiễm m&ocirc;i trường. Những l&agrave;n da mụn n&ecirc;n ưu ti&ecirc;n c&aacute;c sản phẩm &ldquo;FREE-Oil&rdquo;, NON-comedogenic (kh&ocirc;ng g&acirc;y b&iacute;t lỗ ch&acirc;n l&ocirc;ng) gi&uacute;p giảm khả năng g&acirc;y mụn. Những sản phẩm kem chống nắng d&agrave;nh cho da mụn như: Chống nắng kiềm dầu Vichy, Gel Chống Nắng Cho Da Nhờn Mụn Eucerin,&nbsp;<em><strong>Kem chống nắng La Roche-Posay Anthelios</strong></em>&hellip;&nbsp;</p>\r\n\r\n<p>***Chi tiết sản phẩm<a href=\"https://cocolux.com/bo-vichy-chong-nang-kiem-dau-kem-duong-cho-da-mun-i.8935274620673\">&nbsp;<em><u>kem chống nắng kiềm dầu Vichy</u></em></a></p>\r\n\r\n<p><img src=\"https://cdn.cocolux.com/2021/12/images/products/1641366524825-kem-chong-nang-vichy-kiem-dau-spf50-50ml.jpeg\" /></p>\r\n\r\n<p><em>Kem chống nắng La Roche-Posay Anthelios kiềm dầu</em></p>\r\n\r\n<h4><em><strong>Kiểm so&aacute;t lượng dầu thừa</strong></em></h4>\r\n\r\n<p>Giấy thấm dầu được xem l&agrave; một giải ph&aacute;p tuyệt vời để loại bỏ dầu tr&ecirc;n da m&agrave; kh&ocirc;ng g&acirc;y kh&ocirc; da. D&ugrave;ng giấy thấm dầu tr&ecirc;n v&ugrave;ng da nhiều nhờn như tr&aacute;n, mũi, cằm. Nhưng bạn n&ecirc;n thấm nhẹ v&agrave;o v&ugrave;ng da dầu trong 15 &ndash; 20 gi&acirc;y thay v&igrave; ch&agrave; x&aacute;t mạnh tr&ecirc;n da dễ g&acirc;y l&acirc;y nhiễm mụn.</p>\r\n\r\n<p><em><strong>Chăm s&oacute;c da mụn</strong></em>&nbsp;lu&ocirc;n cần sự tỉ mỉ v&agrave; sự ki&ecirc;n tr&igrave;, những c&ocirc; n&agrave;ng đang điều trị mụn đừng n&ecirc;n n&oacute;ng vội. Ki&ecirc;n tr&igrave; theo một liệu tr&igrave;nh khoa học th&igrave; nhất định l&agrave;n da sẽ sớm được cải thiện. Đến với&nbsp;<em><strong>Cocolux</strong></em>&nbsp;để lựa chọn cho m&igrave;nh bộ sản phẩm chăm s&oacute;c da mụn ph&ugrave; hợp nhất v&agrave; được tư vấn tận t&igrave;nh nhất. Hoặc gọi ngay đến Hotline 098 88888 25 - nh&aacute;nh 106 để được hỗ trợ.</p>\r\n', '1655030148_1641366369657-nguyen-nhan-gay-mun.jpeg', 0);

-- --------------------------------------------------------

--
-- Table structure for table `orderdetails`
--

CREATE TABLE `orderdetails` (
  `id` int(11) NOT NULL,
  `order_id` int(11) NOT NULL,
  `price` float NOT NULL,
  `product_id` int(11) NOT NULL,
  `quantity` int(11) NOT NULL
) ENGINE=InnoDB DEFAULT CHARSET=utf8mb4;

--
-- Dumping data for table `orderdetails`
--

INSERT INTO `orderdetails` (`id`, `order_id`, `price`, `product_id`, `quantity`) VALUES
(1, 3, 339000, 11, 1),
(2, 4, 39000, 15, 1),
(3, 5, 569000, 12, 1),
(4, 7, 569000, 12, 1),
(5, 8, 215000, 16, 1),
(6, 10, 150000, 10, 1),
(7, 10, 9000000, 18, 1),
(8, 12, 150000, 10, 1),
(9, 13, 150000, 10, 1),
(10, 14, 518000, 13, 1),
(11, 15, 339000, 11, 1),
(12, 15, 198, 8, 1),
(13, 16, 569000, 12, 2),
(14, 17, 518000, 13, 1),
(15, 18, 569000, 12, 1),
(16, 23, 2, 28, 1),
(17, 24, 2, 28, 1),
(18, 25, 1, 27, 3),
(19, 26, 1111110, 7, 8),
(20, 27, 39000, 15, 1),
(21, 28, 39000, 15, 1),
(22, 29, 39000, 15, 1),
(23, 30, 178000, 20, 1),
(24, 31, 178000, 20, 2),
(25, 32, 178000, 20, 6),
(26, 33, 518000, 13, 1),
(27, 33, 339000, 11, 1),
(28, 33, 569000, 12, 2),
(29, 34, 39000, 15, 7);

-- --------------------------------------------------------

--
-- Table structure for table `orders`
--

CREATE TABLE `orders` (
  `id` int(11) NOT NULL,
  `customer_id` int(11) NOT NULL,
  `date` date NOT NULL,
  `name` varchar(500) NOT NULL,
  `address` varchar(500) NOT NULL,
  `phone` varchar(500) NOT NULL,
  `price` float NOT NULL,
  `pay` varchar(500) NOT NULL,
  `status` int(11) DEFAULT 0
) ENGINE=InnoDB DEFAULT CHARSET=utf8mb4;

--
-- Dumping data for table `orders`
--

INSERT INTO `orders` (`id`, `customer_id`, `date`, `name`, `address`, `phone`, `price`, `pay`, `status`) VALUES
(9, 4, '2022-06-15', 'Nguyễn Đức Dũng', 'Hà Nội', '0962871200', 7324500, 'cod', 0),
(10, 4, '2022-06-15', 'Nguyễn Đức Dũng', 'Hà Nội', '0962871200', 7324500, 'cod', 0),
(11, 4, '2022-06-15', 'Nguyễn Đức Dũng', 'Hà Nội', '0962871200', 0, 'cod', 0),
(12, 4, '2022-06-15', 'Nguyễn Đức Dũng 1', 'Hà Nội', '0962871200', 124500, 'cod', 0),
(13, 4, '2022-06-15', 'Nguyễn Đức Dũng', 'Hà Nội', '0962871200', 124500, 'cod', 1),
(14, 3, '2022-06-16', 'Bùi Ngọc Hà', 'Bắc Giang', '0962871200', 466200, 'bank', 0),
(15, 3, '2022-06-16', 'Dũng Nè Cậu ơi', 'Hà Nội', '0962871200', 305296, 'bank', 0),
(16, 3, '2022-06-16', 'Nguyễn Đức Dũng', 'Hà Nội', '0962871200', 1024200, 'cod', 0),
(17, 3, '2022-06-19', 'Nguyễn Đức Dũng', 'Hà Nội', '0962871200', 466200, 'cod', 0),
(18, 3, '2022-06-19', 'test1', 'Hà Nội', '0962871200', 512100, 'cod', 0),
(19, 3, '2022-06-28', 'Nguyễn Đức Dũng', 'Hà Nội', '0962871200', 1.96, 'cod', 0),
(20, 3, '2022-06-28', 'Nguyễn Đức Dũng', 'Hà Nội', '0962871200', 1.96, 'cod', 0),
(21, 3, '2022-06-28', 'Nguyễn Đức Dũng', 'Hà Nội', '0962871200', 1.96, 'cod', 1),
(22, 3, '2022-06-28', 'Nguyễn Đức Dũng', 'Hà Nội', '0962871200', 1.96, 'cod', 0),
(23, 3, '2022-06-28', 'Nguyễn Đức Dũng 1', 'Hà Nội', '0962871200', 1.96, 'cod', 0),
(24, 3, '2022-06-28', 'Nguyễn Đức Dũng 2', 'Hà Nội', '0962871200', 1.96, 'cod', 0),
(25, 3, '2022-06-28', 'Nguyễn Đức Dũng 3', 'Hà Nội', '0962871200', 2.67, 'cod', 0),
(26, 3, '2022-06-28', 'Nguyễn Đức Dũng 4', 'Hà Nội', '0962871200', 7911100, 'cod', 0),
(27, 3, '2022-06-28', 'Nguyễn Đức Dũng  5', 'Hà Nội', '0962871200', 39000, 'cod', 0),
(28, 3, '2022-06-28', 'Nguyễn Đức Dũng 5', 'Hà Nội', '0962871200', 39000, 'cod', 0),
(29, 3, '2022-06-28', 'Nguyễn Đức Dũng 6', 'Hà Nội', '0962871200', 39000, 'cod', 0),
(30, 3, '2022-06-28', 'Nguyễn Đức Dũng 8', 'Hà Nội', '0962871200', 178000, 'cod', 0),
(31, 3, '2022-06-28', 'Nguyễn Đức Dũng', 'Hà Nội', '0962871200', 356000, 'cod', 0),
(32, 3, '2022-06-28', 'Nguyễn Đức Dũng a', 'Hà Nội', '0962871200', 1068000, 'cod', 0),
(33, 30, '2022-07-21', 'Bùi Ngọc Hà', 'cổng trường tiểu học vạn phúc 3 -  thôn 3 - thanh trì -hà nội', '0965639128', 1795500, 'cod', 1),
(34, 30, '2022-07-21', 'Nguyễn Đức Dũng', 'Hà Nội', '0962871200', 273000, 'cod', 0);

-- --------------------------------------------------------

--
-- Table structure for table `products`
--

CREATE TABLE `products` (
  `id` int(11) NOT NULL,
  `name` varchar(500) NOT NULL,
  `description` varchar(500) NOT NULL,
  `content` text NOT NULL,
  `price` float NOT NULL,
  `hot` int(11) NOT NULL,
  `brand_id` int(11) NOT NULL,
  `photo` varchar(500) NOT NULL,
  `quantity` int(11) NOT NULL,
  `discount` int(11) NOT NULL,
  `category_id` int(11) NOT NULL
) ENGINE=InnoDB DEFAULT CHARSET=utf8mb4;

--
-- Dumping data for table `products`
--

INSERT INTO `products` (`id`, `name`, `description`, `content`, `price`, `hot`, `brand_id`, `photo`, `quantity`, `discount`, `category_id`) VALUES
(7, 'my pham 2', '<p>a</p>\r\n', '<p>a</p>\r\n', 1111110, 1, 17, '1654665731_logo-HB.pdf', 9, 11, 24),
(8, 'Kem Lót Maybelline Fit Me Kiềm Dầu', '', '<p><strong>TH&Ocirc;NG TIN SẢN PHẨM</strong></p>\r\n\r\n<p>&nbsp;</p>\r\n\r\n<p><a href=\"https://cocolux.com/danh-muc/kem-lot-makeup-primer-i.9\"><em><strong>Kem L&oacute;t Trang Điểm</strong></em></a>&nbsp;Maybelline Fit Me Matte+Poreless Kiềm Dầu Che Phủ Lỗ Ch&acirc;n L&ocirc;ng SPF20 30ml<br />\r\n<br />\r\nFit Me Matte + Poreless Primer SPF 20 với th&agrave;nh phần t&iacute;ch hợp đất s&eacute;t kho&aacute;ng gi&uacute;p kiềm dầu, ngăn nền xuống t&ocirc;ng trong suốt 16H. Chất kem dạng sữa dễ t&aacute;n, đem lại hiệu ứng l&agrave;m mềm da, l&agrave;m mờ lỗ ch&acirc;n l&ocirc;ng ngay khi sử dụng. Ngo&agrave;i ra, sản phẩm c&oacute; th&ecirc;m SPF 20 gi&uacute;p bảo vệ da khỏi t&aacute;c hại của &aacute;nh nắng mặt trời. Sản phẩm được khuy&ecirc;n d&ugrave;ng trước bước đ&aacute;nh kem nền để đem lại lớp nền mịn l&igrave;, kh&ocirc;ng b&oacute;ng dầu, kh&ocirc;ng xuống t&ocirc;ng suốt ng&agrave;y d&agrave;i.</p>\r\n\r\n<p>&nbsp;</p>\r\n\r\n<p><img src=\"https://cdn.cocolux.com/2021/10/images/products/1635562930286-kem-lot-maybelline-fit-me-kiem-dau-1.jpeg\" /></p>\r\n\r\n<p>&nbsp;</p>\r\n\r\n<p>Kem l&oacute;t Maybelline với dạng tu&yacute;p cơ bản, nhỏ gọn, nắp xoay vặn mở chắc chắn, bảo quản kem l&oacute;t tốt trong suốt 12 th&aacute;ng sử dụng.<br />\r\n<br />\r\nFit Me Matte + Poreless Primer SPF 20 với khả năng kiềm dầu, l&agrave;m mờ lỗ ch&acirc;n l&ocirc;ng v&agrave; giữ lớp trang điểm của bạn bền đẹp suốt cả ng&agrave;y. Hiệu ứng kiểm so&aacute;t dầu k&eacute;o d&agrave;i đến 16 giờ, gi&uacute;p l&agrave;n da tr&ocirc;ng mịn m&agrave;ng v&agrave; kh&ocirc;ng t&igrave; vết.</p>\r\n\r\n<p>&nbsp;</p>\r\n\r\n<p><img src=\"https://cdn.cocolux.com/2021/10/images/products/1635562970027-kem-lot-maybelline-fit-me-kiem-dau-2.jpeg\" /></p>\r\n\r\n<p>&nbsp;</p>\r\n\r\n<p><strong>C&Ocirc;NG DỤNG</strong></p>\r\n\r\n<p>&nbsp;</p>\r\n\r\n<p>- Th&agrave;nh phần t&iacute;ch hợp đất s&eacute;t kho&aacute;ng gi&uacute;p kiềm dầu, ngăn lớp nền xuống t&ocirc;ng suốt 16H.</p>\r\n\r\n<p>- Đem lại hiệu ứng mịn l&igrave;, l&agrave;m mờ lỗ ch&acirc;n l&ocirc;ng.</p>\r\n\r\n<p>- Bảo vệ da dưới t&aacute;c hại của &aacute;nh nắng mặt trời với SPF 20.</p>\r\n\r\n<p>&nbsp;</p>\r\n\r\n<p><img src=\"https://cdn.cocolux.com/2021/10/images/products/1635562983654-kem-lot-maybelline-fit-me-kiem-dau-3.png\" /></p>\r\n\r\n<p>&nbsp;</p>\r\n\r\n<p><strong>Trọng lượng:&nbsp;</strong>30ml</p>\r\n\r\n<p><strong>Xuất xứ:&nbsp;</strong>Mỹ</p>\r\n\r\n<p><strong>Thương hiệu:&nbsp;</strong>Maybelline</p>\r\n\r\n<p><a href=\"https://cocolux.com/\"><strong>Cocolux</strong></a></p>\r\n', 198, 1, 17, '1654748124_1635562626656-kem-lot-maybelline-fit-me-kiem-dau-300x300.jpeg', 9, 1, 25),
(9, 'Chì kẻ mày Innisfree - 02 Black', '', '<p><a href=\"https://cocolux.com/danh-muc/ke-may-eyebrown-i.16\"><em><strong>Ch&igrave; kẻ m&agrave;y</strong></em></a>&nbsp;Innisfree Auto Eyebrow Pencil với thiết kế 2 đầu th&ocirc;ng minh sẽ l&agrave; trợ thủ đắc lực trong việc định h&igrave;nh v&agrave; tạo d&aacute;ng ch&acirc;n m&agrave;y, cực kỳ dễ thao t&aacute;c cho d&ugrave; bạn mới tập t&agrave;nh hay đ&atilde; l&agrave; cao thủ make up.</p>\r\n\r\n<p><img src=\"https://cdn.cocolux.com/2021/01/products/1609724014538-chi-ke-may-innis-03-1.jpeg\" /></p>\r\n\r\n<p><img src=\"https://cdn.cocolux.com/2021/01/products/1611631539501-chi-ke-may-innis-3.jpeg\" /></p>\r\n\r\n<p>&nbsp;</p>\r\n\r\n<p><a href=\"https://cocolux.com/\"><em><strong>Cocolux</strong></em></a>&nbsp;hiện đang c&oacute; m&agrave;u cho c&aacute;c bạn tuỳ &yacute; lựa chọn:</p>\r\n\r\n<p>No.2 (Black): Đen</p>\r\n\r\n<p>No. 3 (Gray): X&aacute;m</p>\r\n\r\n<p>No. 4 (Ash Brown): X&aacute;m n&acirc;u</p>\r\n\r\n<p>No. 5 (Espresso Brown): N&acirc;u đen</p>\r\n\r\n<p>No. 6 (Urban Brown): N&acirc;u</p>\r\n\r\n<p>&nbsp;</p>\r\n\r\n<p><img src=\"https://cdn.cocolux.com/2021/01/products/1611631502278-chi-ke-may-innis-2.jpeg\" /></p>\r\n\r\n<p><img src=\"https://cdn.cocolux.com/2021/01/products/1611631528952-chi-ke-may-innis-4.jpeg\" /></p>\r\n\r\n<p>&nbsp;</p>\r\n\r\n<p><strong>C&Ocirc;NG DỤNG</strong></p>\r\n\r\n<p>&nbsp;</p>\r\n\r\n<p>- Ch&igrave; kẻ thiết kế h&igrave;nh ovan rất dễ đối với người mới tập trang điểm.</p>\r\n\r\n<p>- Đầu chổi thiết kế h&igrave;nh xoắn ốc tạo d&aacute;ng l&ocirc;ng m&agrave;y đẹp hơn.&nbsp;</p>\r\n\r\n<p>- Tạo cho l&ocirc;ng m&agrave;y tr&ocirc;ng thật tự nhi&ecirc;n v&agrave; mềm mại.</p>\r\n\r\n<p>- Th&agrave;nh phần tự nhi&ecirc;n kh&ocirc;ng g&acirc;y k&iacute;ch ứng cho da.</p>\r\n\r\n<p>&nbsp;</p>\r\n\r\n<p><img src=\"https://cdn.cocolux.com/2021/04/products/1618451205906-chi-ke-may-innisfree-3.png\" /></p>\r\n\r\n<p><img src=\"https://cdn.cocolux.com/2021/01/products/1611631519225-chi-ke-may-innis-1.png\" /></p>\r\n\r\n<p>&nbsp;</p>\r\n\r\n<p>&nbsp;</p>\r\n\r\n<p><strong>Thương hiệu:</strong>&nbsp;<a href=\"https://cocolux.com/thuong-hieu/innisfree-i.255\"><em><strong>Innisfree</strong></em></a></p>\r\n\r\n<p><strong>Xuất xứ:</strong>&nbsp;H&agrave;n Quốc</p>\r\n\r\n<p><strong>COCOLUX Mỹ Phẩm</strong></p>\r\n', 12344400, 0, 13, '1654748417_1644458322730-chi-ke-may-innisfree-02-200x200.jpeg', 9, 1, 32),
(10, 'Son Kem Lỳ Black Rouge - A01', '', '<h2><strong>M&ocirc; tả sản phẩm</strong></h2>\r\n\r\n<p><strong>Son Kem L&igrave; Black Rouge Air Fit Velvet Tint l&agrave; g&igrave;?</strong></p>\r\n\r\n<p>Son kem l&igrave; hiện đang l&agrave; loại son được đ&ocirc;ng đảo giới trẻ y&ecirc;u th&iacute;ch, kh&ocirc;ng chỉ bởi m&agrave;u sắc thời thượng, trendy m&agrave; c&ograve;n bởi c&oacute; khả năng giữ m&agrave;u l&acirc;u tr&ocirc;i ho&agrave;n hảo. Khi nhắc đến d&ograve;ng son n&agrave;y, ch&uacute;ng ta kh&ocirc;ng thể kh&ocirc;ng nhắc đến bộ sưu tập son kem l&igrave; đ&igrave;nh đ&aacute;m Black Rouge Air Fit Velvet Tint của thương hiệu mỹ phẩm nổi tiếng Black Rouge đến từ H&agrave;n Quốc.</p>\r\n\r\n<p><img src=\"https://cdn.cocolux.com/2022/05/images/products/1653472454570-son-kem-li-black-rouge-air-fit-velvet-tint.jpeg\" /></p>\r\n\r\n<p>Son Kem L&igrave; Black Rouge Air Fit Velvet Tint l&agrave; bộ sưu tập bao gồm nhiều version son kh&aacute;c nhau, mỗi version lại c&oacute; một chủ đề v&agrave; tone m&agrave;u chủ đạo ri&ecirc;ng. Điểm chung ở c&aacute;c phi&ecirc;n bản n&agrave;y nằm ở chất lượng son v&agrave; thiết kế quen thuộc.&nbsp;</p>\r\n\r\n<p>Chất son của Black Rouge Air Fit Velvet Tint l&agrave; chất son kem mịn l&igrave;. Khi apply l&ecirc;n m&ocirc;i cho hai lớp son độc đ&aacute;o, lớp son đầu l&agrave; lớp tint b&oacute;ng gi&uacute;p dưỡng ẩm m&ocirc;i, lớp sau ch&iacute;nh l&agrave; lớp matte mịn, l&igrave; như nhung, đem đến bờ m&ocirc;i rạng rỡ, tươi tắn.</p>\r\n\r\n<p>Sản phẩm chứa c&aacute;c th&agrave;nh phần vitamin E, vitamin C, bơ Sea, tinh dầu thực vật nhiều dưỡng chất như hạnh nh&acirc;n, tầm xu&acirc;n, đ&agrave;o, lựu,... v&agrave; hợp chất gel ẩm (Moisture Gel compounds) v&agrave; Ceramide NPE gi&uacute;p m&ocirc;i lu&ocirc;n ẩm mượt, mịn m&agrave;ng. Black Rouge Air Fit Velvet Tint c&oacute; độ che phủ cao chỉ với một lần đ&aacute;nh, gi&uacute;p m&ocirc;i c&oacute; &ldquo;lớp &aacute;o&rdquo; ho&agrave;n hảo, kh&ocirc;ng l&agrave;m lộ v&acirc;n m&ocirc;i m&agrave; vẫn l&agrave;m nhẹ m&ocirc;i. Son Kem L&igrave; Black Rouge c&oacute; khả năng giữ m&agrave;u l&acirc;u tr&ocirc;i đến 8 tiếng, độ chống thấm nước cao, gi&uacute;p son kh&ocirc;ng bị tr&ocirc;i khi ăn uống&nbsp;</p>\r\n\r\n<p>Sản phẩm với thiết kế dạng thỏi chữ nhật vu&ocirc;ng. Th&acirc;n son được l&agrave;m bằng nhựa trong suốt c&oacute; thể thấy được m&agrave;u son b&ecirc;n trong. Tr&ecirc;n th&acirc;n son c&oacute; khắc t&ecirc;n thương hiệu, dưới đ&aacute;y c&oacute; ghi th&ocirc;ng tin m&agrave;u của sản phẩm, nắp son được phủ m&agrave;u t&ugrave;y v&agrave;o version son. Đầu cọ v&aacute;t ch&eacute;o h&igrave;nh tr&aacute;i tim với khoảng kh&ocirc;ng giữa đầu cọ gi&uacute;p kiểm so&aacute;t lượng son lấy ra v&agrave; dễ d&agrave;ng viền m&ocirc;i ch&iacute;nh x&aacute;c hơn.</p>\r\n\r\n<p>Hiện Cocolux đang c&oacute; sẵn cả 8 m&agrave;u version của sản phẩm:</p>\r\n\r\n<p><strong>Black Rouge Air Fit Velvet Tint - Ver 1 The Red</strong></p>\r\n\r\n<p>Black Rouge Air Fit Velvet Tint - Ver 1 THE RED l&agrave; phi&ecirc;n bản đầu ti&ecirc;n nằm trong bộ sưu tập son kem của Black Rough. Giống như t&ecirc;n version, sản phẩm lấy t&ocirc;ng m&agrave;u chủ đạo l&agrave; m&agrave;u đỏ tựa như c&aacute;ch hoa hồng đỏ rực đang ch&aacute;y. Chất son mịn l&igrave; như nhung nhưng kh&ocirc;ng g&acirc;y cảm gi&aacute;c nặng m&ocirc;i. Sản phẩm được thiết kế với phần nắp son đỏ sang trọng, ấn tượng.</p>\r\n\r\n<p>Phi&ecirc;n bản n&agrave;y bao gồm c&aacute;c m&agrave;u:</p>\r\n\r\n<ul>\r\n	<li>A01 - Strawberry red: Đỏ d&acirc;u</li>\r\n	<li>A02 - Dry Rose: Đỏ hồng</li>\r\n	<li>A03 - Soft Red: Đỏ cam&nbsp;</li>\r\n	<li>A04 - Raspberry syrup: Đỏ cherry</li>\r\n	<li>A05 - Marmalade: Đỏ mứt cam</li>\r\n	<li>A06 - Brick Red: Đỏ đất</li>\r\n	<li>A07 - Pure Crimeson: Đỏ cam đ&agrave;o</li>\r\n</ul>\r\n\r\n<p><img src=\"https://cdn.cocolux.com/2022/05/images/products/1653472468663-son-kem-li-black-rouge-air-fit-velvet-tint-version1-1.jpeg\" /></p>\r\n\r\n<p><img src=\"https://cdn.cocolux.com/2022/05/images/products/1653472476482-son-kem-li-black-rouge-air-fit-velvet-tint-version1.jpeg\" /></p>\r\n\r\n<p><strong>Black Rouge Air Fit Velvet Tint - Ver 2 Mood Filter</strong></p>\r\n\r\n<p>Black Rouge Air Fit Velvet Tint - Ver 2 Mood Filter l&agrave; phi&ecirc;n bản n&acirc;ng cấp tiếp theo sau Ver 1 The Red đ&atilde; th&agrave;nh c&ocirc;ng trước đ&oacute;. Sản phẩm chứa th&agrave;nh phần nước cất l&acirc;u năm gi&uacute;p duy tr&igrave; sự mềm mượt của đ&ocirc;i m&ocirc;i. Chiết xuất tinh dầu hoa hồng v&agrave; bơ Shea tạo chất son mịn v&agrave; l&ecirc;n m&agrave;u chuẩn sắc. Với m&agrave;u son t&ocirc;ng đỏ đầy ma mị, Mood Filter tựa như &ldquo;ph&ugrave; thủy cảm x&uacute;c&rdquo; của đ&ocirc;i m&ocirc;i. Thiết kế của sản phẩm vẫn l&agrave; dạng thỏi vu&ocirc;ng trong suốt quen thuộc, phần nắp được thay thế bằng m&agrave;u t&iacute;m pastel trẻ trung, trendy.</p>\r\n\r\n<p>Phi&ecirc;n bản n&agrave;y bao gồm c&aacute;c m&agrave;u:</p>\r\n\r\n<ul>\r\n	<li>A08 &ndash; Warm Shaddock: Cam bưởi đỏ</li>\r\n	<li>A09 &ndash; Sweet Cinnamon: Hồng quế</li>\r\n	<li>A10 &ndash; Red Berry: Đỏ berry</li>\r\n	<li>A11 &ndash; Tanned Camellia: Hồng ch&aacute;y</li>\r\n	<li>A12 &ndash; Dashed Brown: Đỏ n&acirc;u, đỏ đất (best-seller)</li>\r\n</ul>\r\n\r\n<p><img src=\"https://cdn.cocolux.com/2022/05/images/products/1653472485466-son-kem-li-black-rouge-air-fit-velvet-tint-version2.jpeg\" /></p>\r\n\r\n<p><strong>Black Rouge Air Fit Velvet Tint - Ver 3 Dry Fruit</strong></p>\r\n\r\n<p>Black Rouge Air Fit Velvet Tint - Ver 3 Dry Fruit lấy cảm hứng từ những loại tr&aacute;i c&acirc;y kh&ocirc; như cam, chanh,... ngọt ng&agrave;o, đầy sức h&uacute;t, ph&ugrave; hợp với tiết trời xu&acirc;n - h&egrave;. Sản phẩm mang m&ugrave;i hương tr&aacute;i c&acirc;y dịu nhẹ. Ver 3 Dry Fruit vẫn l&agrave; thiết kế quen thuộc với phần nắp m&agrave;u cam gạch lấp l&aacute;nh.</p>\r\n\r\n<p>Phi&ecirc;n bản n&agrave;y bao gồm c&aacute;c m&agrave;u:</p>\r\n\r\n<ul>\r\n	<li>A13 - Juicy apricot &ndash; (Cam đỏ tươi)</li>\r\n	<li>A14 - Peachy Red &ndash; (Đỏ đ&agrave;o trầm)</li>\r\n	<li>A15 &ndash; Sunny Jujube &ndash; (N&acirc;u &aacute;nh đỏ)</li>\r\n	<li>A16 &ndash; Dried Cherry &ndash; (T&iacute;m &aacute;nh đỏ)</li>\r\n	<li>A17 - Bolivian Pomegranate &ndash; (Đỏ lạnh)</li>\r\n</ul>\r\n\r\n<p><img src=\"https://cdn.cocolux.com/2022/05/images/products/1653472494187-son-kem-li-black-rouge-air-fit-velvet-tint-version3.jpeg\" /></p>\r\n\r\n<p><strong>Black Rouge Air Fit Velvet Tint - Ver 4 Bad Rose</strong></p>\r\n\r\n<p>H&oacute;a th&acirc;n th&agrave;nh những c&ocirc; n&agrave;ng c&aacute; t&iacute;nh, đầy b&iacute; ẩn với Black Rouge Air Fit Velvet Tint - Ver 4 Bad Rose. Ở phi&ecirc;n bản lần n&agrave;y, Black Rouge đ&atilde; khai th&aacute;c hết những sắc đỏ của hoa hồng, đem đến những m&agrave;u sắc quyến rũ, kiều mỵ mới lạ, độc đ&aacute;o. Chất son dạng mousse tint gi&agrave;u dưỡng chất, gi&uacute;p đ&ocirc;i m&ocirc;i căng mọng, hệt như c&aacute;nh hồng nhung. M&agrave;u son ph&ugrave; hợp với xu hướng MLBB (xu hướng t&ocirc; son gần với m&agrave;u m&ocirc;i). Thiết kế với nắp son m&agrave;u bạc l&agrave;m nổi bật chất cổ điển m&agrave; hiện đại của son.</p>\r\n\r\n<p>Phi&ecirc;n bản n&agrave;y bao gồm c&aacute;c m&agrave;u:</p>\r\n\r\n<ul>\r\n	<li>A18 - Coy Rose: Hồng Indie điểm n&acirc;u tinh tế</li>\r\n	<li>A19 - Tough Rose: Đỏ Hồng Tomato hợp mọi tone da</li>\r\n	<li>A20 - Girl Crush Rose: Đỏ t&iacute;m cherry rực rỡ, tươi mới</li>\r\n	<li>A21 - Prickly Rose: Đỏ n&acirc;u &aacute;nh kh&oacute;i sắc sảo</li>\r\n	<li>A22 - Vampire Rose: Đỏ n&acirc;u maple &aacute;nh t&iacute;m huyền ảo</li>\r\n</ul>\r\n\r\n<p><img src=\"https://cdn.cocolux.com/2022/05/images/products/1653472502200-son-kem-li-black-rouge-air-fit-velvet-tint-version4-1.jpeg\" /></p>\r\n\r\n<p><img src=\"https://cdn.cocolux.com/2022/05/images/products/1653472512627-son-kem-li-black-rouge-air-fit-velvet-tint-version4.jpeg\" /></p>\r\n\r\n<p><strong>Black Rouge Air Fit Velvet Tint - Ver 5 BAM</strong></p>\r\n\r\n<p>Black Rouge Air Fit Velvet Tint - Ver 5 BAM lấy cảm hứng từ sự chuyển m&igrave;nh của bầu trời đ&ecirc;m, sản phẩm bao gồm 5 m&agrave;u sắc lột tả trọn vẹn kh&iacute;a cạnh &ldquo;đ&ecirc;m&rdquo;. Chất son mịn lỳ, khi apply l&ecirc;n m&ocirc;i nhẹ t&ecirc;nh. BAM được thiết kế ấn tượng với packaging vỏ xanh với họa tiết ng&ocirc;i sao nhỏ tựa như bầu trời về đ&ecirc;m. Nắp son được kho&aacute;c lớp &aacute;o m&agrave;u Luxurious Gold Color sang chảnh.</p>\r\n\r\n<p>Phi&ecirc;n bản n&agrave;y bao gồm c&aacute;c m&agrave;u:</p>\r\n\r\n<ul>\r\n	<li>A23 - Vintage Sunset: Cam nude pha n&acirc;u cổ điển</li>\r\n	<li>A24 - Campfire Night: Cam đỏ rực rỡ</li>\r\n	<li>A25 - Pink Pillow: Đỏ sậm &aacute;nh hồng mềm mại</li>\r\n	<li>A26 - Winter Moon: N&acirc;u trầm pha cam mới lạ</li>\r\n	<li>A27 - Wanderlust: Đỏ nhung t&ocirc;ng lạnh t&ocirc;n da</li>\r\n</ul>\r\n\r\n<p><img src=\"https://cdn.cocolux.com/2022/05/images/products/1653472522049-son-kem-li-black-rouge-air-fit-velvet-tint-version5.jpeg\" /></p>\r\n\r\n<p><strong>Black Rouge Air Fit Velvet Tint - Ver 6 Blueming Garden</strong></p>\r\n\r\n<p>Lạc v&agrave;o khu vườn xanh ng&aacute;t đầy sắc hoa thơ mộng với Black Rouge Air Fit Velvet Tint - Ver 6 Blueming Garden. Phi&ecirc;n bản n&agrave;y rất ph&ugrave; hợp cho những c&ocirc; n&agrave;ng trong s&aacute;ng mộng mơ. Vẫn l&agrave; chất son kem mịn l&igrave;, gi&uacute;p đ&ocirc;i m&ocirc;i tươi tắn, rạng rỡ kh&ocirc;ng t&igrave; vết. Blueming Garden với thiết kế nắp son m&agrave;u Icy Blue xinh xắn, chắc chắn l&agrave;m c&aacute;c n&agrave;ng ấn tượng.</p>\r\n\r\n<p>Phi&ecirc;n bản n&agrave;y bao gồm c&aacute;c m&agrave;u:</p>\r\n\r\n<ul>\r\n	<li>A28 - Mango Tulip Garden: Cam tulip &aacute;nh v&agrave;ng quyến rũ&nbsp;</li>\r\n	<li>A29 - Pink Hibiscus Garden: Đỏ hồng hibiscus tone lạnh&nbsp;</li>\r\n	<li>A30 - Red Camellia Garden: Đỏ hoa tr&agrave; ki&ecirc;u h&atilde;nh</li>\r\n	<li>A31 - Dry Daisy Garden: Đỏ n&acirc;u trầm cuốn h&uacute;t&nbsp;</li>\r\n	<li>A32 - Warm Dahlia Garden: N&acirc;u đất trendy tone ấm</li>\r\n</ul>\r\n\r\n<p><img src=\"https://cdn.cocolux.com/2022/05/images/products/1653472530156-son-kem-li-black-rouge-air-fit-velvet-tint-version6.jpeg\" /></p>\r\n\r\n<p><img src=\"https://cdn.cocolux.com/2022/05/images/products/1653472536633-son-kem-li-black-rouge-air-fit-velvet-tint-version6-1.jpeg\" /></p>\r\n\r\n<p><strong>Black Rouge Air Fit Velvet Tint - Ver 7 Velvet Crown</strong></p>\r\n\r\n<p>Trở th&agrave;nh nữ ho&agrave;ng sở hữu chiếc vương miện quyền lực với Black Rouge Air Fit Velvet Tint - Ver 7 Velvet Crown. Phi&ecirc;n bản lấy chủ đề &ldquo;Sức mạnh của sắc đẹp m&atilde;nh liệt, tr&agrave;n đầy năng lượng v&agrave; kh&ocirc;ng k&eacute;m phần tinh tế&rdquo; bao gồm những t&ocirc;ng m&agrave;u đỏ cam ấn tượng, đầy quyền lực. Chất son mịn l&igrave; quen thuộc c&ugrave;ng hương thơm Black Cherry dịu nhẹ chắc chắn sẽ l&agrave;m xi&ecirc;u l&ograve;ng mọi c&ocirc; g&aacute;i. Velvet Crown được thiết kế với phần nắp son m&agrave;u Gold Pearl lấp l&aacute;nh gợi cảm gi&aacute;c sang trọng, quyền qu&yacute;.</p>\r\n\r\n<p>Phi&ecirc;n bản n&agrave;y bao gồm c&aacute;c m&agrave;u:</p>\r\n\r\n<ul>\r\n	<li>A33: Sunset Crown - Đỏ cam&nbsp;</li>\r\n	<li>A34: Sensual Queen of Burnt - Cam gạch&nbsp;</li>\r\n	<li>A35: Sunny Side Up - Đỏ d&acirc;u</li>\r\n	<li>A36: Dust Pumpkin - Cam pha n&acirc;u</li>\r\n	<li>A37: Unrivaled Chili King - Đỏ n&acirc;u đất</li>\r\n</ul>\r\n\r\n<p><img src=\"https://cdn.cocolux.com/2022/05/images/products/1653472544113-son-kem-li-black-rouge-air-fit-velvet-tint-version7.jpeg\" /></p>\r\n\r\n<p><strong>Black Rouge Air Fit Velvet Tint - Ver 8 The Crystal</strong></p>\r\n\r\n<p>Phi&ecirc;n bản cuối c&ugrave;ng mang t&ecirc;n The Crystal với th&ocirc;ng điệp &ldquo;Special you, special version&rdquo;, cổ vũ tinh thần mọi c&ocirc; g&aacute;i. Trong vũ trụ n&agrave;y, bạn l&agrave; c&aacute; thể độc lập v&agrave; l&agrave; phi&ecirc;n bản đặc biệt nhất của bản th&acirc;n, h&atilde;y lu&ocirc;n tự tin v&agrave; tỏa s&aacute;ng tựa như những vi&ecirc;n pha l&ecirc; lấp l&aacute;nh dưới &aacute;nh mặt trời. The Crystal kh&ocirc;ng chỉ g&acirc;y ấn tượng với thiết kế vỏ son m&agrave;u hologram &aacute;nh nhũ kim tuyến trendy m&agrave; c&ograve;n bởi những m&agrave;u son mới lạ, c&aacute; t&iacute;nh. Ở phi&ecirc;n bản lần n&agrave;y, Black Rough &aacute;p dụng c&ocirc;ng thức Creamy Velvet Matrix System độc quyền gi&uacute;p tăng cường độ ẩm v&agrave; khả năng bền m&agrave;u, l&acirc;u tr&ocirc;i của son, cho bạn thoải m&aacute;i ăn uống m&agrave; kh&ocirc;ng sợ tr&ocirc;i m&agrave;u.</p>\r\n\r\n<p><img src=\"https://cdn.cocolux.com/2022/05/images/products/1653472552690-son-kem-li-black-rouge-air-fit-velvet-tint-version8-3.jpeg\" /></p>\r\n\r\n<p>Phi&ecirc;n bản n&agrave;y bao gồm c&aacute;c m&agrave;u:</p>\r\n\r\n<ul>\r\n	<li>A41: Take Me - cam nude&nbsp;</li>\r\n	<li>A42: Blacktea Soul - sắc son tr&agrave; sữa MLBB&nbsp;</li>\r\n	<li>A43: Breeze Orange - n&acirc;u cam vintage</li>\r\n	<li>A44: Roasting Brown - n&acirc;u ch&aacute;y hạnh nh&acirc;n</li>\r\n	<li>A45: Bring it Brick - đỏ gạch</li>\r\n</ul>\r\n\r\n<p><img src=\"https://cdn.cocolux.com/2022/05/images/products/1653472568332-son-kem-li-black-rouge-air-fit-velvet-tint-version8-1.jpeg\" /></p>\r\n\r\n<p><img src=\"https://cdn.cocolux.com/2022/05/images/products/1653472578815-son-kem-li-black-rouge-air-fit-velvet-tint-version8-2.jpeg\" /></p>\r\n\r\n<h3><strong>Th&ocirc;ng số sản phẩm</strong></h3>\r\n\r\n<p>Quy c&aacute;ch: 4.5g</p>\r\n\r\n<p>Thương hiệu: Black Rouge&nbsp;</p>\r\n\r\n<p>Xuất xứ thương hiệu: H&agrave;n Quốc</p>\r\n\r\n<p>Nơi sản xuất: H&agrave;n Quốc</p>\r\n\r\n<p>Loại da ph&ugrave; hợp: Mọi tone da</p>\r\n\r\n<h2><strong>Th&agrave;nh phần</strong></h2>\r\n\r\n<p>Dimethicone/Vinyl Dimethicone Crosspolymer, Disteardimonium Hectorite, VP/Hexadecene Copolymer, Sorbitan Sesquioleate, Stearic Acid, Silica Dimethyl Silylate, Ethylhexylglycerin, Isododecane, Water, Butylene Glycol, Trimethylsiloxysilicate, Palmitic Acid, Polyglyceryl-2 Isostearate, Polymethyl Methacrylate, Polymethylsilsesquioxane, Propylene Carbonate, Synthetic Fluorphlogopite, Carboxylic Acid, Iron Oxides, Dimethicone, Cyclopentasiloxane, PEG-10 Dimethicone, PEG-60 Hydrogenated Castor Oil, Phenoxyethanol, Fragrance, Diethanolamine, Silica, Glycol Dioleate, Natural Red 26, Nonoxynol-5, Orange Yu, Titanium Dioxide, Yellow 8</p>\r\n\r\n<p>Trong đ&oacute;:</p>\r\n\r\n<p>- Dimethicone/​Vinyl Dimethicone Crosspolymer: tạo kết cấu v&agrave; cảm gi&aacute;c cho sản phẩm, giữ độ ẩm mượt cho m&ocirc;i.</p>\r\n\r\n<p>- Disteardimonium Hectorite: tạo kết cấu cho sản phẩm, tăng cường khả năng chống thấm nước cho son.</p>\r\n\r\n<p>- VP/Hexadecene Copolymer: gi&uacute;p ph&acirc;n t&aacute;n sắc tố v&agrave; l&agrave;m bật m&agrave;u, gi&uacute;p m&agrave;u son trở n&ecirc;n tươi, s&aacute;ng, b&oacute;ng bẩy hơn, gi&uacute;p m&agrave;u kho&aacute;ng li&ecirc;n kết với chất nền tốt hơn.</p>\r\n\r\n<p>- Vitamin E, C, bơ shea, tinh dầu hạnh nh&acirc;n, tinh dầu tầm xu&acirc;n, chiết xuất đ&agrave;o, lựu, Ceramide NPE v&agrave; phức hợp collagen: gi&uacute;p dưỡng ẩm, dưỡng m&ocirc;i mềm mịn.</p>\r\n\r\n<h2><strong>C&ocirc;ng dụng</strong></h2>\r\n\r\n<p>- Đem đến cho c&aacute;c n&agrave;ng sắc m&ocirc;i tươi trẻ, hợp mốt, tạo cảm gi&aacute;c tự tin giao tiếp v&agrave; khi đi ra ngo&agrave;i.</p>\r\n\r\n<p>- Lu&ocirc;n giữ cho đ&ocirc;i m&ocirc;i vẻ tươi tắn, rạng rỡ suốt cả ng&agrave;y d&agrave;i.</p>\r\n\r\n<p>- Dưỡng m&ocirc;i lu&ocirc;n khỏe mạnh, căng b&oacute;ng.</p>\r\n\r\n<h2><strong>C&aacute;ch d&ugrave;ng</strong></h2>\r\n\r\n<p>- Bước 1: Thoa son dưỡng v&agrave; son l&oacute;t m&ocirc;i (che khuyết điểm m&ocirc;i chuy&ecirc;n dụng, hoặc kem nền) để m&agrave;u son l&ecirc;n mướt v&agrave; chuẩn hơn.</p>\r\n\r\n<p>- Bước 2: Lấy một lượng vừa đủ Son Kem L&igrave; Black Rouge Air Fit Velvet Tint thoa từ l&ograve;ng m&ocirc;i giữa rồi thoa lan hai b&ecirc;n kh&oacute;e m&ocirc;i (t&ugrave;y v&agrave;o liều lượng m&agrave; thoa 1-2 lớp son).</p>\r\n\r\n<p>* Lưu &yacute;:</p>\r\n\r\n<p>- Trước khi sử dụng, n&ecirc;n lắc nhẹ để chất son mềm v&agrave; tan đều.</p>\r\n\r\n<p>- Kh&ocirc;ng n&ecirc;n bặm m&ocirc;i khi đ&aacute;nh son kem. T&ocirc; son cho v&ugrave;ng m&ocirc;i dưới v&agrave; đợi kh&ocirc;, sau đ&oacute; chuyển sang t&ocirc; m&ocirc;i tr&ecirc;n.</p>\r\n\r\n<p>- M&agrave;u sắc c&oacute; thể thay đổi một &iacute;t so với nguy&ecirc;n bản do ảnh hưởng từ độ ph&acirc;n giải tr&ecirc;n c&aacute;c thiết bị điện tử.</p>\r\n\r\n<p>- M&agrave;u son c&oacute; thể đậm hơn hay nhạt hơn t&ugrave;y thuộc v&agrave;o sắc tố m&ocirc;i mỗi người.</p>\r\n\r\n<p>- Sản phẩm c&oacute; thể vừa sử dụng l&agrave;m son m&ocirc;i, vừa sử dụng l&agrave;m phấn m&aacute; hồng.</p>\r\n\r\n<p>- N&ecirc;n tẩy da chết cho m&ocirc;i 2-3 lần/tuần để son l&ecirc;n m&agrave;u đẹp v&agrave; chuẩn nhất.</p>\r\n\r\n<h2><strong>C&aacute;ch bảo quản</strong></h2>\r\n\r\n<p>- Vặn nắp k&iacute;n sau khi sử dụng.</p>\r\n\r\n<p>- Bảo quản ở nhiệt độ ph&ograve;ng m&aacute;t.</p>\r\n\r\n<p>- Tr&aacute;nh tiếp x&uacute;c trực tiếp với &aacute;nh s&aacute;ng mặt trời.</p>\r\n\r\n<p>- Tr&aacute;nh xa tầm tay trẻ em.</p>\r\n\r\n<p>- Hạn sử dụng: 12 - 20 th&aacute;ng kể từ ng&agrave;y sản xuất.</p>\r\n\r\n<p>- Ng&agrave;y sản xuất: xem trực tiếp tr&ecirc;n bao b&igrave; sản phẩm.</p>\r\n\r\n<h2><strong>Review ưu điểm vượt trội của sản phẩm Son Kem L&igrave; Black Rouge Air Fit Velvet Tint</strong></h2>\r\n\r\n<p>- Chất son kem mềm mịn, độ che phủ tốt.</p>\r\n\r\n<p>- Son kem l&igrave; nhưng nhẹ, kh&ocirc;ng g&acirc;y nặng m&ocirc;i.</p>\r\n\r\n<p>- L&ecirc;n m&agrave;u chuẩn, cho đ&ocirc;i m&ocirc;i lu&ocirc;n tươi tắn, rạng rỡ.</p>\r\n\r\n<p>- Khả năng l&ecirc;n m&agrave;u chuẩn chỉ sau một lần đ&aacute;nh.</p>\r\n\r\n<p>- Khả năng che phủ tốt, kh&ocirc;ng l&agrave;m lộ v&acirc;n m&ocirc;i, gi&uacute;p che hết c&aacute;c khuyết điểm tr&ecirc;n m&ocirc;i.</p>\r\n\r\n<p>- Khả năng bền m&agrave;u l&acirc;u tr&ocirc;i, giữ m&agrave;u l&ecirc;n đến 8 tiếng.</p>\r\n\r\n<p>- C&oacute; độ kh&aacute;ng nước cao, kh&ocirc;ng bị tr&ocirc;i m&agrave;u khi ăn uống.</p>\r\n\r\n<p>- Chứa c&aacute;c vitamin v&agrave; chiết xuất thực vật gi&agrave;u dưỡng chất gi&uacute;p cung cấp độ ẩm cho m&ocirc;i, dưỡng m&ocirc;i hiệu quả.</p>\r\n\r\n<p>- Gi&aacute; th&agrave;nh phải chăng, hợp t&uacute;i tiền học sinh, sinh vi&ecirc;n.</p>\r\n', 150000, 1, 14, '1654759425_1620276302961-son-kem-ly-black-rouge-a01-200x200.jpeg', 9, 17, 23),
(11, 'Kem nền lâu trôi L\'oreal Paris Infallible 24h Fresh Wear 30ml - 120', '', '<p><strong>TH&Ocirc;NG TIN SẢN PHẨM</strong></p>\r\n\r\n<p>&nbsp;</p>\r\n\r\n<p><a href=\"https://cocolux.com/danh-muc/kem-nen-bb-cc-i.10\"><em><strong>Kem Nền</strong></em></a>&nbsp;Loreal Infallible 24h Fresh Wear Foundation 30ml&nbsp;l&agrave; phi&ecirc;n bản n&acirc;ng cấp của d&ograve;ng kem nền Infallible trước đ&acirc;y,&nbsp;được cải tiến hơn với c&ocirc;ng nghệ ngăn b&oacute;ng dầu v&agrave; xỉn m&agrave;u hiệu quả, mang đến cho bạn lớp nền&nbsp;si&ecirc;u mịn v&agrave; l&acirc;u tr&ocirc;i suốt 24H m&agrave; vẫn nhẹ t&ecirc;nh tựa như kh&ocirc;ng,&nbsp;kh&ocirc;ng g&acirc;y kh&ocirc; cakey da, che phủ tốt c&aacute;c nốt mụn đỏ.</p>\r\n\r\n<p>&nbsp;</p>\r\n\r\n<p><img src=\"https://cdn.cocolux.com/2021/01/products/1611130257950-kem-nen-lau-troi-infallible-24h-vanilla-120-1.jpeg\" /></p>\r\n\r\n<p><br />\r\n&nbsp;</p>\r\n\r\n<p><br />\r\n<strong>​Ưu điểm:</strong></p>\r\n\r\n<p>- C&oacute; kết cấu dạng kem mỏng, nhẹ mang đến cho bạn lớp nền th&ocirc;ng tho&aacute;ng v&agrave; mịn m&agrave;ng.</p>\r\n\r\n<p>- Chỉ số chống nắng&nbsp;SPF25/PA+++&nbsp;giúp bảo vệ làn da bạn trước ánh nắng và tia UV hiệu quả.</p>\r\n\r\n<p>- Khả năng che phủ v&agrave; bền m&agrave;u l&ecirc;n đến 24H, ph&ugrave; hợp với những người bận rộn kh&ocirc;ng c&oacute; thời gian dặm lại nhiều lần.</p>\r\n\r\n<p>&nbsp;</p>\r\n\r\n<p><img src=\"https://cdn.cocolux.com/2021/01/products/1611130270291-kem-nen-lau-troi-infallible-24h-vanilla-120-2.jpeg\" style=\"height:72px; width:100px\" /></p>\r\n\r\n<p>&nbsp;</p>\r\n\r\n<p><strong>C&Ocirc;NG DỤNG</strong></p>\r\n\r\n<p>&nbsp;- Ngăn ngừa b&oacute;ng nhờn v&agrave; kiềm dầu hiệu quả.<br />\r\n&nbsp;- Mang đến l&agrave;n da kh&ocirc; tho&aacute;ng, s&aacute;ng mịn hồng h&agrave;o.<br />\r\n&nbsp;- C&oacute; khả năng che phủ v&agrave; bền m&agrave;u đến 24h.<br />\r\n&nbsp;- Bổ sung dưỡng chất giữ ẩm cho da mịn m&agrave;ng.</p>\r\n\r\n<p>&nbsp;</p>\r\n\r\n<p><img src=\"https://cdn.cocolux.com/2021/01/products/1611130281763-kem-nen-lau-troi-infallible-24h-vanilla-120-3.png\" /></p>\r\n\r\n<p>&nbsp;</p>\r\n\r\n<p><strong>Loại da ph&ugrave; hợp:&nbsp;</strong>Th&iacute;ch hợp với mọi loại da.</p>\r\n\r\n<p><strong>Cocolux</strong>&nbsp;đang c&oacute; đủ tone m&agrave;u: 120, 125, 130, 140, 220</p>\r\n\r\n<p>&nbsp;</p>\r\n\r\n<p><img src=\"https://cdn.cocolux.com/2021/01/products/1611130291584-kem-nen-lau-troi-infallible-24h-vanilla-120-4.jpeg\" style=\"height:80px; width:60%\" /></p>\r\n\r\n<p><img src=\"https://cdn.cocolux.com/2021/01/products/1611130313451-kem-nen-lau-troi-infallible-24h-vanilla-120-5.jpeg\" /></p>\r\n\r\n<p>&nbsp;</p>\r\n\r\n<p>LƯU &Yacute;:&nbsp;L&rsquo;Or&eacute;al Paris l&agrave; nh&atilde;n hiệu mỹ phẩm h&agrave;ng đầu tại Ch&acirc;u &Acirc;u được sản xuất tại nhiều nh&agrave; m&aacute;y tr&ecirc;n to&agrave;n thế giới như Trung Quốc, Mỹ, Indonesia&hellip; D&ugrave; được sản xuất ở đ&acirc;u, c&aacute;c sản phẩm đều tu&acirc;n theo quy tr&igrave;nh kiểm so&aacute;t chất lượng nghi&ecirc;m ngặt v&agrave; đồng đều của L&rsquo;Or&eacute;al To&agrave;n Cầu. C&aacute;c sản phẩm ch&iacute;nh h&atilde;ng đều c&oacute; tem nh&atilde;n tiếng Việt ph&iacute;a sau v&agrave; nhập khẩu trực tiếp từ c&ocirc;ng ty TNHH&nbsp;<a href=\"https://cocolux.com/thuong-hieu/l\'oreal-i.276\"><em><strong>L&rsquo;Oreal</strong></em></a>&nbsp;Việt Nam n&ecirc;n c&aacute;c bạn ho&agrave;n to&agrave;n y&ecirc;n t&acirc;m về chất lượng sản phẩm nh&eacute;.</p>\r\n\r\n<p>&nbsp;</p>\r\n\r\n<p><strong>Dung t&iacute;ch:</strong>&nbsp;30ml</p>\r\n\r\n<p><strong>Xuất xứ:</strong>&nbsp;Ph&aacute;p</p>\r\n\r\n<p><strong>Thương hiệu:</strong>&nbsp;L&#39;Oreal</p>\r\n\r\n<p><a href=\"https://cocolux.com/\"><strong>COCOLUX</strong></a></p>\r\n', 339000, 1, 16, '1654925722_1633751255518-kem-nen-lau-troi-loreal-paris-infallible-24h-fresh-wear-30ml-120-200x200.jpeg', 8, 10, 24),
(12, 'Dưỡng Chất Cấp Ẩm Làm Da Sáng Mịn L\'OREAL 1.5%', '', '<p>đ&acirc;u, c&aacute;c sản phẩm đều tu&acirc;n theo quy tr&igrave;nh kiểm so&aacute;t chất lượng nghi&ecirc;m ngặt v&agrave; đồng đều của L&rsquo;Oreal To&agrave;n Cầu. C&aacute;c sản phẩm ch&iacute;nh h&atilde;ng đều c&oacute; tem nh&atilde;n tiếng Việt ph&iacute;a sau v&agrave; nhập khẩu trực tiếp từ c&ocirc;ng ty TNHH L&rsquo;Oreal Việt Nam n&ecirc;n c&aacute;c bạn ho&agrave;n to&agrave;n y&ecirc;n t&acirc;m về chất lượng sản phẩm nh&eacute;.<br />\r\n&nbsp;</p>\r\n\r\n<p><img alt=\"duong chat cap am lam da sang min loreal 4\" src=\"https://cocoshop.vn/uploads/shops/2020_09/duong-chat-cap-am-lam-da-sang-min-loreal-4.jpg\" /></p>\r\n\r\n<p>&nbsp;</p>\r\n\r\n<p>Dưỡng chất L&#39;oreal Paris Revitalift HA đậm đặc 30ml với sự kết hợp &nbsp;kh&ocirc;ng chỉ 1 m&agrave; đến 2 loại Hyaluronic Acid ưu việt sẽ mang đến giải ph&aacute;p&nbsp;<a href=\"https://cocolux.com/danh-muc/cham-soc-da-skincare-i.3\"><em><strong>chăm s&oacute;c da</strong></em></a>&nbsp;hiệu quả, cho l&agrave;n da căng mịn v&agrave; s&aacute;ng da tức th&igrave;. Với Revitalift da sẽ c&oacute; sự thay đổi r&otilde; rệt, mang đến vẻ ngo&agrave;i rạng rỡ cho bạn.</p>\r\n\r\n<p>&nbsp;</p>\r\n\r\n<p><img alt=\"duong chat cap am lam da sang min loreal 2\" src=\"https://cocoshop.vn/uploads/shops/2020_09/duong-chat-cap-am-lam-da-sang-min-loreal-2.jpg\" /></p>\r\n\r\n<p>&nbsp;</p>\r\n\r\n<p><strong>TH&Agrave;NH PHẦN</strong></p>\r\n\r\n<p>- Th&agrave;nh phần kh&ocirc;ng chỉ chứa 1 m&agrave; đến 2 loại Hyaluronic Acid:</p>\r\n\r\n<p>- Macro [HA]: Cấp ẩm tối đa cho bề mặt da căng mịn tức th&igrave;</p>\r\n\r\n<p>- Micro [HA]: Thẩm thấu s&acirc;u gi&uacute;p căng đầy nếp nhăn v&agrave; s&aacute;ng da từ s&acirc;u b&ecirc;n trong</p>\r\n\r\n<p>&nbsp;</p>\r\n\r\n<p><img alt=\"uong chat cap am lam da sang min loreal 5\" src=\"https://cocoshop.vn/uploads/shops/2020_09/uong-chat-cap-am-lam-da-sang-min-loreal-5.jpg\" /></p>\r\n\r\n<p>&nbsp;</p>\r\n\r\n<p><strong>C&Ocirc;NG DỤNG</strong></p>\r\n\r\n<p>&nbsp;</p>\r\n\r\n<p>Hiệu quả s&aacute;ng rỡ tức th&igrave;:</p>\r\n\r\n<p>- 42% da s&aacute;ng rạng rỡ tức th&igrave;</p>\r\n\r\n<p>- 23% căng mịn tức th&igrave;</p>\r\n\r\n<p>- 32% mịn m&agrave;ng tức th&igrave;</p>\r\n\r\n<p>&nbsp;</p>\r\n\r\n<p><img alt=\"duong chat cap am lam da sang min loreal 3\" src=\"https://cocoshop.vn/uploads/shops/2020_09/duong-chat-cap-am-lam-da-sang-min-loreal-3.jpg\" /></p>\r\n\r\n<p>&nbsp;</p>\r\n\r\n<p><strong>Trọng lượng:</strong>&nbsp;30ml</p>\r\n\r\n<p><strong>Xuất xứ:</strong>&nbsp;Ph&aacute;p</p>\r\n\r\n<p><strong>Thương hiệu:&nbsp;</strong>Loreal</p>\r\n\r\n<p><a href=\"https://cocolux.com/\"><em><strong>Mỹ phẩm&nbsp;CocoLux</strong></em></a></p>\r\n', 569000, 1, 16, '1654926032_1609223457599-uong-chat-cap-am-lam-da-sang-min-loreal-1-200x200.jpeg', 7, 10, 24),
(13, 'Tinh chất White Perfect Clinical Loreal 30ml', '', '<p><strong>TH&Ocirc;NG TIN SẢN PHẨM</strong></p>\r\n\r\n<p><br />\r\nDa mặt theo thời gian dưới t&aacute;c động của những thay đổi nội tiết tố trong cơ thể, t&aacute;c động từ m&ocirc;i trường b&ecirc;n ngo&agrave;i khiến cấu tr&uacute;c da bị thương tổn từ s&acirc;u b&ecirc;n trong v&agrave; biểu hiện ra b&ecirc;n ngo&agrave;i qua những vết n&aacute;m v&agrave; t&agrave;n nhang. V&agrave; sử dụng serum h&agrave;ng ng&agrave;y ch&iacute;nh l&agrave; một trong những biện ph&aacute;p hữu hiệu bảo vệ da gi&uacute;p l&agrave;m mờ v&agrave; hạn chế sự h&igrave;nh th&agrave;nh c&aacute;c vết sạm n&aacute;m mới. Tinh Chất Dưỡng Da Giảm Th&acirc;m N&aacute;m&nbsp;<a href=\"https://cocolux.com/thuong-hieu/l\'oreal-i.276\"><em><strong>L&#39;Oreal</strong></em></a>&nbsp;White Perfect Clinical Derm White Essence với c&aacute;c th&agrave;nh phần được sản xuất theo c&ocirc;ng thức ri&ecirc;ng sẽ mang đến cho bạn giải ph&aacute;p đột ph&aacute; gi&uacute;p l&agrave;m mờ hiệu quả c&aacute;c dấu hiệu t&aacute;c hại do m&ocirc;i trường g&acirc;y ra.</p>\r\n\r\n<p>&nbsp;</p>\r\n\r\n<p><img src=\"https://cdn.cocolux.com/2021/03/products/1617154878782-tinh-chat-white-perfect-clinical-loreal-30ml-1.jpeg\" /></p>\r\n\r\n<p>&nbsp;</p>\r\n\r\n<p>L&rsquo;Oreal l&agrave; tập đo&agrave;n chuy&ecirc;n về mỹ phẩm v&agrave; chăm s&oacute;c sắc đẹp lớn tr&ecirc;n thế giới với c&aacute;c d&ograve;ng sản phẩm về chăm s&oacute;c t&oacute;c,&nbsp;<a href=\"https://cocolux.com/danh-muc/cham-soc-da-skincare-i.3\"><em><strong>chăm s&oacute;c da</strong></em></a>, mỹ phẩm. Hiện n&agrave;y &nbsp;L&rsquo;Or&eacute;al đ&atilde; c&oacute; mặt tr&ecirc;n 120 quốc gia v&agrave; được vinh danh l&agrave; một trong số những tập đo&agrave;n mỹ phẩm điển h&igrave;nh của thế kỷ 21. Những sản phẩm kem dưỡng da của L&#39;Oreal đ&atilde; được phụ nữ tr&ecirc;n khắp thế giới ưa chuộng v&igrave; hiệu quả t&iacute;ch cực, đặc biệt l&agrave; những d&ograve;ng dưỡng ẩm, chống l&atilde;o h&oacute;a.</p>\r\n\r\n<p>&nbsp;</p>\r\n\r\n<p><img src=\"https://cdn.cocolux.com/2021/03/products/1617154886915-tinh-chat-white-perfect-clinical-loreal-30ml-2.jpeg\" /></p>\r\n\r\n<p>&nbsp;</p>\r\n\r\n<p><strong>Loại da ph&ugrave; hợp:&nbsp;</strong>Sản phẩm th&iacute;ch hợp với mọi loại da.</p>\r\n\r\n<p><br />\r\n<strong>C&Ocirc;NG DỤNG</strong></p>\r\n\r\n<p><br />\r\n- L&#39;Oreal White Perfect Clinical Derm White Essence với sự kết hợp của 3 hoạt chất ưu việt nhằm mang đến giải ph&aacute;p gi&uacute;p l&agrave;n da tr&ocirc;ng đều m&agrave;u, s&aacute;ng mịn v&agrave; rạng rỡ hơn.</p>\r\n\r\n<p>- Gi&uacute;p l&agrave;m giảm th&acirc;m n&aacute;m, hạn chế sự h&igrave;nh th&agrave;nh hắc sắc tố Melanin tr&ecirc;n da nhờ th&agrave;nh phần c&oacute; chứa Actyl C.</p>\r\n\r\n<p>- Hỗ trợ giảm th&acirc;m n&aacute;m, gi&uacute;p ngăn cản sự h&igrave;nh th&agrave;nh hắc sắc tố Melanin ngay tận gốc nhờ th&agrave;nh phần c&oacute; chứa Adenosine.</p>\r\n\r\n<p>- Fibrelastyl gi&uacute;p dưỡng da s&aacute;ng mịn, đồng thời hỗ trợ đẩy nhanh qu&aacute; tr&igrave;nh tổng hợp c&aacute;c sợi Elastin gi&uacute;p da mịn m&agrave;ng.</p>\r\n\r\n<p>&nbsp;</p>\r\n\r\n<p><img src=\"https://cdn.cocolux.com/2021/03/products/1617154896791-tinh-chat-white-perfect-clinical-loreal-30ml-3.jpeg\" /></p>\r\n\r\n<p>&nbsp;</p>\r\n\r\n<p><br />\r\n<strong>Trọng lượng:&nbsp;</strong>30ml</p>\r\n\r\n<p><strong>Thương hiệu:</strong>&nbsp;L&#39;Oreal</p>\r\n\r\n<p><strong>Xuất xứ:</strong>&nbsp;Ph&aacute;p</p>\r\n\r\n<p><a href=\"https://cocolux.com/\"><strong>Cocolux</strong></a></p>\r\n', 518000, 1, 16, '1654926099_1617154867311-tinh-chat-white-perfect-clinical-loreal-30ml-200x200.png', 8, 10, 24),
(14, 'Tinh chất tăng cường săn chắc da & giảm nếp nhăn Revitalift Loreal', '', '<p><strong>TH&Ocirc;NG TIN SẢN PHẨM</strong></p>\r\n\r\n<p><br />\r\nL&#39;Oreal Paris l&agrave; thương hiệu mỹ phẩm b&igrave;nh d&acirc;n số 1 tại Ph&aacute;p, trực thuộc Tập đo&agrave;n&nbsp;<a href=\"https://cocolux.com/thuong-hieu/l\'oreal-i.276\"><em><strong>L&#39;Or&eacute;al</strong></em></a>. Với h&agrave;ng loạt nghi&ecirc;n cứu da liễu c&ugrave;ng c&ocirc;ng nghệ ti&ecirc;n tiến bậc nhất, h&atilde;ng đ&atilde; cho ra mắt rất nhiều c&aacute;c d&ograve;ng sản phẩm kh&aacute;c nhau từ: chăm s&oacute;c da, trang điểm chuy&ecirc;n nghiệp v&agrave; chăm s&oacute;c t&oacute;c. C&aacute;c sản phẩm của h&atilde;ng lu&ocirc;n dẫn đầu c&aacute;c xu hướng l&agrave;m đẹp tr&ecirc;n thế giới, mang đậm n&eacute;t trẻ trung, thời thượng v&agrave; được ph&aacute;i đẹp tr&ecirc;n to&agrave;n thế giới tin d&ugrave;ng.</p>\r\n\r\n<p>&nbsp;</p>\r\n\r\n<p><img src=\"https://cdn.cocolux.com/2021/03/products/1616999014606-tinh-chat-l-oreal-duong-ngan-ngua-nep-nhan-1.jpeg\" /></p>\r\n\r\n<p>&nbsp;</p>\r\n\r\n<p><strong>Tinh Chất Tăng Cường Săn Chắc Da V&agrave; Giảm Nếp Nhăn L&#39;Oreal Revitalift 30ml</strong></p>\r\n\r\n<p><a href=\"https://cocolux.com/danh-muc/serum-i.28\"><em><strong>Tinh Chất</strong></em></a>&nbsp;Tăng Cường Săn Chắc Da V&agrave; Giảm Nếp Nhăn L&#39;Oreal Revitalift 30ml l&agrave; sản phẩm tinh chất dưỡng săn chắc da nằm trong d&ograve;ng sản phẩm Revitalift cao cấp được nghi&ecirc;n cứu bởi Viện nghi&ecirc;n cứu L&#39;Oreal Paris.&nbsp;</p>\r\n\r\n<p>Sản phẩm dưỡng da săn chắc, ngăn ngừa 15 dấu hiệu l&atilde;o h&oacute;a da như da kh&ocirc;ng đều m&agrave;u, sạm da, lỗ ch&acirc;n l&ocirc;ng to, nếp nhăn li ti, da thiếu đ&agrave;n hồi, đốm n&acirc;u, da thiếu ẩm, k&eacute;m mịn m&agrave;ng, k&eacute;m săn chắc, da kh&ocirc;ng trắng s&aacute;ng, da thiếu sức sống, xuất hiện vết ch&acirc;n chim, nếp nhăn v&ugrave;ng tr&aacute;n, nếp nhăn quanh miệng v&agrave; nếp nhăn v&ugrave;ng cổ.</p>\r\n\r\n<p>&nbsp;</p>\r\n\r\n<p><img src=\"https://cdn.cocolux.com/2021/03/products/1616999000881-tinh-chat-l-oreal-duong-ngan-ngua-nep-nhan-30ml3.jpeg\" /></p>\r\n\r\n<p>&nbsp;</p>\r\n\r\n<p><strong>C&Ocirc;NG DỤNG</strong></p>\r\n\r\n<p>&nbsp;</p>\r\n\r\n<p>- Hoạt chất Pro-Retinol A ti&ecirc;n tiến v&agrave; Vitamic C gi&uacute;p hỗ trợ ngăn ngừa dấu hiệu l&atilde;o h&oacute;a da hiệu quả.</p>\r\n\r\n<p>- Gi&uacute;p l&agrave;m đều m&agrave;u da, hạn chế t&igrave;nh trạng da sạm, n&aacute;m v&agrave; gi&uacute;p se kh&iacute;t lỗ ch&acirc;n l&ocirc;ng.</p>\r\n\r\n<p>- Gi&uacute;p l&agrave;m mờ nếp nhăn li ti, tăng độ đ&agrave;n hồi v&agrave; gi&uacute;p da săn chắc hơn.</p>\r\n\r\n<p>- Dưỡng da ẩm mịn v&agrave; mềm mượt hơn.</p>\r\n\r\n<p>&nbsp;</p>\r\n\r\n<p><img src=\"https://cdn.cocolux.com/2021/03/products/1616999025860-tinh-chat-l-oreal-duong-ngan-ngua-nep-nhan-3.jpeg\" /></p>\r\n\r\n<p>&nbsp;</p>\r\n\r\n<p><strong>Dung t&iacute;ch:&nbsp;</strong>30ml</p>\r\n\r\n<p><strong>Thương hiệu:</strong>&nbsp;L&#39;Oreal</p>\r\n\r\n<p><strong>Xuất xứ:&nbsp;</strong>Ph&aacute;p</p>\r\n\r\n<p><a href=\"https://cocolux.com/\"><strong>Mỹ phẩm ch&iacute;nh h&atilde;ng</strong></a><strong>&nbsp;</strong></p>\r\n', 469000, 0, 16, '1654926154_1616999122225-tinh-chat-duong-da-0-200x200.jpeg', 9, 10, 24),
(15, 'Dưỡng Chất Trắng Da Tức Thì Loreal 1.0% Glycolic Acid', '', '<p><strong>TH&Ocirc;NG TIN SẢN PHẨM</strong></p>\r\n\r\n<p>&nbsp;</p>\r\n\r\n<p><strong>Serum L&#39;Oreal Paris Dưỡng S&aacute;ng V&agrave; Mờ Th&acirc;m N&aacute;m 30ml&nbsp;</strong>l&agrave; sản phẩm&nbsp;tinh chất&nbsp;dưỡng da đến từ&nbsp;thương hiệu mỹ phẩm L&rsquo;Oreal Paris&nbsp;của Ph&aacute;p, với phức hợp l&agrave;m s&aacute;ng 4 trong 1 trong đ&oacute; chứa&nbsp;<strong>1% Glycolic Acid</strong>&nbsp;c&oacute; khả năng loại bỏ loại bỏ tế b&agrave;o chết nhẹ nh&agrave;ng, t&aacute;i tạo da gi&uacute;p c&aacute;c dưỡng chất thẩm thấu s&acirc;u v&agrave;o da đem lại hiệu quả dưỡng s&aacute;ng mịn, ức chế sản sinh melanin giảm c&aacute;c vết th&acirc;m n&aacute;m.&nbsp;</p>\r\n\r\n<p>&nbsp;</p>\r\n\r\n<p><img src=\"https://cdn.cocolux.com/2022/03/images/products/1646708443706-duong-chat-trang-da-tuc-thi-loreal-1-0-glycolic-acid-1.jpeg\" /></p>\r\n\r\n<p>&nbsp;</p>\r\n\r\n<p><strong>Loại da ph&ugrave; hợp:</strong></p>\r\n\r\n<ul>\r\n	<li>Sản phẩm th&iacute;ch hợp với mọi loại da.</li>\r\n</ul>\r\n\r\n<p><strong>Giải ph&aacute;p cho t&igrave;nh trạng da:</strong></p>\r\n\r\n<ul>\r\n	<li>Da&nbsp;xỉn m&agrave;u, th&acirc;m sạm.</li>\r\n</ul>\r\n\r\n<p>&nbsp;</p>\r\n\r\n<p><strong>TH&Agrave;NH PHẦN</strong></p>\r\n\r\n<p>&nbsp;</p>\r\n\r\n<p>Nước, glycerin, alcohol, dipropylene glycol, butylene glycol, niacinamide, PEG / PPG / POLYBUTYLENE GLYCOL-8/5/3 GLYCERIN, HYDROXYETHYL PIPER, O-ethyl ascorbic axit, isononyl isononanoate, geraniol, sorbitan isostearate, parfum / nước hoa, axit salicylic, natri hydroxit, natri citrate, natri hyaluronate, phenylethyl Resorcinol, adenosine, ammonium polyacryloyldimethyl, acetate, disodium EDTA, LIMONENE, TOCOPHEROL, hydroxyethyl acrylate / natri acryloyldimethyl Tecolyme, hydro h&oacute;a, axit citric, citronellol, kẹo cao su Xanthan, acetyl trifluoromethylphenyl valylglycine, oxothiazolidine carboxylic axit, polysorbate 60, cinahl, benzyl.&nbsp;</p>\r\n\r\n<p>&nbsp;</p>\r\n\r\n<p><img src=\"https://cdn.cocolux.com/2022/03/images/products/1646708456898-duong-chat-trang-da-tuc-thi-loreal-1-0-glycolic-acid-2.jpeg\" /></p>\r\n\r\n<p>&nbsp;</p>\r\n\r\n<p><strong>C&Ocirc;NG DỤNG</strong></p>\r\n\r\n<p>&nbsp;</p>\r\n\r\n<ul>\r\n	<li><strong>Glycolic Acid [AHA] 1%</strong>&nbsp;loại bỏ melanin ở từng tế b&agrave;o, giảm th&acirc;m n&aacute;m, đốm sạm m&agrave;u, giảm khuyết điểm, làm đ&ecirc;̀u màu da v&agrave; làn da tr&ocirc;ng rạng rỡ hơn.</li>\r\n	<li><strong>Niacinamide 2%</strong>&nbsp;l&agrave;m ức chế melanin tr&ecirc;n bề mặt da, ngăn h&igrave;nh th&agrave;nh c&aacute;c đốm sắc tố sạm n&aacute;m tr&ecirc;n da.</li>\r\n	<li><strong>Symwhite</strong>&nbsp;giảm sinh melanin tận gốc.</li>\r\n	<li><strong>Vitamin C&nbsp;</strong>l&agrave;m s&aacute;ng da v&agrave; chống oxy h&oacute;a.</li>\r\n	<li>Giảm t&igrave;nh trạng sạm m&agrave;u v&agrave; khuyết điểm tr&ecirc;n da. Da đều m&agrave;u v&agrave; tr&ocirc;ng s&aacute;ng, rạng rỡ hơn trong 2 tuần sử dụng.</li>\r\n	<li>Texture lỏng, thấm nhanh c&ugrave;ng c&aacute;c th&agrave;nh phần dưỡng s&aacute;ng tối ưu sẽ mang lại l&agrave;n da rạng ngời.</li>\r\n</ul>\r\n\r\n<p>&nbsp;</p>\r\n\r\n<p><img src=\"https://cdn.cocolux.com/2022/03/images/products/1646708465883-duong-chat-trang-da-tuc-thi-loreal-1-0-glycolic-acid-3.jpeg\" /></p>\r\n\r\n<p>&nbsp;</p>\r\n\r\n<p><strong>Trọng lượng:</strong>&nbsp;50ml</p>\r\n\r\n<p><strong>Xuất xứ:&nbsp;</strong>Ph&aacute;p</p>\r\n\r\n<p><strong>Thương hiệu:&nbsp;</strong>Loreal</p>\r\n\r\n<p><strong>Cocolux</strong></p>\r\n', 39000, 1, 16, '1654926241_1646708215201-duong-chat-trang-da-tuc-thi-loreal-1-0-glycolic-acid-200x200.jpeg', 0, 0, 24),
(16, 'Phấn mắt 4 ô Crystal Heart Lock Shadow - CH01', '<p>a</p>\r\n', '<p><strong>TH&Ocirc;NG TIN SẢN PHẨM</strong></p>\r\n\r\n<p>&nbsp;</p>\r\n\r\n<p>Phấn Mắt 4 &Ocirc;&nbsp;<a href=\"https://cocolux.com/thuong-hieu/black-rouge-i.290\"><em><strong>Black Rouge</strong></em></a>&nbsp;Crystal Heart Lock Shadow nằm trong bộ sưu tập lấy cảm hứng từ &ldquo;heart&rdquo; đang l&agrave;m mưa l&agrave;m gi&oacute; tr&ecirc;n khắp cộng đồng l&agrave;m đẹp.</p>\r\n\r\n<p>&nbsp;</p>\r\n\r\n<p><img src=\"https://cdn.cocolux.com/2021/03/products/1615257991746-phan-mat-4-o-black-rouge-2.jpeg\" /></p>\r\n\r\n<p>&nbsp;</p>\r\n\r\n<p>Hộp phấn nhỏ gọn, bao gồm 4 &ocirc; m&agrave;u bạn vừa c&oacute; thể&nbsp;<a href=\"https://cocolux.com/danh-muc/ke-may-eyebrown-i.16\"><em><strong>kẻ m&agrave;y</strong></em></a>, đ&aacute;nh mắt, hightlight lẫn contour sương sương lu&ocirc;n đ&acirc;y. Chỉ với 1 hộp phấn cho bạn thỏa sức mix match với nhiều chất phấn để tạo ra makeup look ph&ugrave; hợp nhất với bản th&acirc;n.</p>\r\n\r\n<p>Kh&ocirc;ng phải chỉ c&oacute; son Black Rouge mới hot m&agrave; bảng phấn mắt của brand chắc chắn sẽ l&agrave;m c&aacute;c c&ocirc; n&agrave;ng &quot;đi&ecirc;u đứng&quot; v&igrave; độ xinh lung linh</p>\r\n\r\n<p>&nbsp;</p>\r\n\r\n<p><img src=\"https://cdn.cocolux.com/2021/03/products/1615258004790-phan-mat-4-o-black-rouge-1.jpeg\" /></p>\r\n\r\n<p>&nbsp;</p>\r\n\r\n<p>1 bảng m&agrave;u - 3 chất phấn gồm: L&igrave; (matte) + Nhũ ngọc trai (Shimmer) + kim tuyến pha l&ecirc; (glitter) đa dạng biến h&oacute;a gi&uacute;p đ&ocirc;i mắt th&ecirc;m lấp l&aacute;nh</p>\r\n\r\n<p>C&ocirc;ng nghệ Color Lock bao bọc c&aacute;c hạt phấn gi&uacute;p l&ecirc;n m&agrave;u chuẩn, lớp m&agrave;ng no-sebum tăng khả năng b&aacute;m m&agrave;u, hạn chế rớt bột m&agrave;u dư ra ngo&agrave;i v&agrave; dầu thừa tr&ecirc;n m&iacute; mắt</p>\r\n\r\n<p><a href=\"https://cocolux.com/\"><strong>COCOLUX</strong></a><strong>&nbsp;c&oacute; sẵn c&aacute;c tone</strong></p>\r\n\r\n<p><strong>CH01 - Coral Coffret: Cam đ&agrave;o</strong></p>\r\n\r\n<p>&nbsp;</p>\r\n\r\n<p><img src=\"https://cdn.cocolux.com/2021/03/products/1615257889138-phan-mat-4-o-black-rouge-ch01.jpeg\" /></p>\r\n\r\n<p><img src=\"https://cdn.cocolux.com/2021/03/products/1615257902415-phan-mat-4-o-black-rouge-ch01-1.jpeg\" /></p>\r\n\r\n<p>&nbsp;</p>\r\n\r\n<p><strong>CH02 - Rose Coffret: Hồng kh&ocirc;</strong></p>\r\n\r\n<p>&nbsp;</p>\r\n\r\n<p><img src=\"https://cdn.cocolux.com/2021/03/products/1615257917751-phan-mat-4-o-black-rouge-ch02.jpeg\" /></p>\r\n\r\n<p><img src=\"https://cdn.cocolux.com/2021/03/products/1615257934933-phan-mat-4-o-black-rouge-ch02-1.jpeg\" /></p>\r\n\r\n<p>&nbsp;</p>\r\n\r\n<p><strong>CH03 - Almond Coffret: N&acirc;u beige</strong></p>\r\n\r\n<p>&nbsp;</p>\r\n\r\n<p><img src=\"https://cdn.cocolux.com/2021/03/products/1615257967098-phan-mat-4-o-black-rouge-ch03.jpeg\" /></p>\r\n\r\n<p>&nbsp;</p>\r\n\r\n<p>&nbsp;</p>\r\n\r\n<p><strong>Xuất xứ:</strong>&nbsp;H&agrave;n Quốc</p>\r\n\r\n<p><strong>Thương hiệu:&nbsp;</strong>Black Rouge</p>\r\n\r\n<p><strong>Mỹ phẩm H&agrave;n Quốc</strong></p>\r\n', 215000, 0, 14, '1655031498_1618021804793-phan-mat-4-o-black-rouge-ch01-200x200.jpeg', 9, 0, 23);
INSERT INTO `products` (`id`, `name`, `description`, `content`, `price`, `hot`, `brand_id`, `photo`, `quantity`, `discount`, `category_id`) VALUES
(17, 'Son Kem Lì Black Rouge Leez Velvet LZ01 Tint - LZ01', '<p>a</p>\r\n', '<p>Black Rouge đ&atilde; chuẩn bị cho bạn 5 &ldquo;ly smoothie&rdquo; mang những nguy&ecirc;n liệu được y&ecirc;u th&iacute;ch nhất mang t&ecirc;n Leez Velvet Tint.&nbsp;</p>\r\n\r\n<p>Nếu bạn muốn đ&oacute;n đầu xu hướng của m&ugrave;a h&egrave; 2022 th&igrave; đừng n&ecirc;n bỏ qua bộ son độc đ&aacute;o n&agrave;y tại Cocolux nh&eacute;:</p>\r\n\r\n<p><img src=\"https://cdn.cocolux.com/2022/03/images/products/1647509333406-2.jpeg\" /></p>\r\n\r\n<p><strong>Thiết kế:</strong></p>\r\n\r\n<p>Thiết kế vỏ giấy đơn sắc, nổi bật t&ecirc;n sản phẩm với t&ocirc;ng nền v&agrave; phần nắp hộp trong suốt. Đặc biệt, tr&ecirc;n vỏ son Leez Velvet Tint c&oacute; in m&atilde; QR &ldquo;Lip ID&rdquo;, gi&uacute;p bạn c&oacute; thể dễ d&agrave;ng check nhanh m&agrave;u sắc v&agrave; th&ocirc;ng tin sản phẩm bằng camera điện thoại.</p>\r\n\r\n<p><img src=\"https://cdn.cocolux.com/2022/03/images/products/1647509870963-00.jpeg\" /></p>\r\n\r\n<p>Leez Velvet Tint c&oacute; th&acirc;n son thon d&agrave;i trong suốt c&ugrave;ng với lớp nhựa cao cấp nh&aacute;m l&igrave; tạo cảm gi&aacute;c chắc tay cũng như hạn chế b&aacute;m v&acirc;n tay trong qu&aacute; tr&igrave;nh sử dụng nhưng vẫn c&oacute; thể thấy được m&agrave;u son b&ecirc;n trong&nbsp;&nbsp;</p>\r\n\r\n<p>&nbsp;</p>\r\n\r\n<p>Đầu cọ bo tr&ograve;n với lớp l&ocirc;ng d&agrave;y được phủ đều xung quanh gi&uacute;p tiết kiệm lượng son lấy ra đồng thời gi&uacute;p thao t&aacute;c tr&ecirc;n m&ocirc;i dễ d&agrave;ng hơn ngay cả với những người mới bắt đầu học makeup.&nbsp;</p>\r\n\r\n<p><strong>M&agrave;u son:</strong></p>\r\n\r\n<p><strong>LZ01 Peach Papaya:</strong>&nbsp;Với 2 nguy&ecirc;n liệu đu đủ được pha th&ecirc;m một ch&uacute;t đ&agrave;o, bạn sẽ c&oacute; ngay một thỏi son &nbsp;đỏ cam &aacute;nh hồng cực lạ mắt, ngọt ng&agrave;o m&agrave; vẫn tr&agrave;n đầu năng lượng. Đ&acirc;y l&agrave; một t&ocirc;ng son được pha trộn ho&agrave;n hảo giữa t&ocirc;ng ấm v&agrave; t&ocirc;ng lạnh tạo n&ecirc;n một sắc anh đ&agrave;o gi&uacute;p nổi bật sự tươi tắn, hồng h&agrave;o của l&agrave;n da, lại mang một &iacute;t &aacute;nh đỏ cho đ&ocirc;i m&ocirc;i tươi tắn, rạng ngời của m&ugrave;a xu&acirc;n.</p>\r\n\r\n<p><img src=\"https://cdn.cocolux.com/2022/03/images/products/1647509973641-01.jpeg\" /></p>\r\n\r\n<p><strong>LZ 02 Apple Greek Yogurt:</strong>&nbsp;Bạn c&oacute; bao giờ m&ecirc; mẩn sắc hồng sữa trong ly sorbet t&aacute;o tươi được mix c&ugrave;ng sữa chua Hy Lạp? M&agrave;u son như một đ&oacute;a hoa hồng nở rộ trong nền sữa chua thuần khiết.Đ&acirc;y l&agrave; một sắc hồng t&ocirc;ng lạnh &ldquo;chuẩn kh&ocirc;ng cần chỉnh&rdquo;l&agrave;m say đắm mọi &aacute;nh nh&igrave;n m&agrave; bạn nhất định phải mang theo b&ecirc;n m&igrave;nh trong những ng&agrave;y m&ugrave;a xu&acirc;n ngọt ng&agrave;o.</p>\r\n\r\n<p><img src=\"https://cdn.cocolux.com/2022/03/images/products/1647509979840-02.jpeg\" /></p>\r\n\r\n<p><strong>LZ03 Mango Coconut:</strong>&nbsp;Một sắc son cam ch&aacute;y quyến rũ như ly sinh tố xo&agrave;i dừa ngọt ng&agrave;o c&oacute; phải l&agrave; m&agrave;u son m&agrave; bạn đang t&igrave;m kiếm? Chỉ cần nghĩ th&ocirc;i đ&atilde; thấy rung động khi mix một ly sinh tố xo&agrave;i- dừa m&aacute;t lạnh . LZ03 l&agrave; một sắc son chỉ cần nh&igrave;n th&ocirc;i l&agrave; đ&atilde; c&oacute; thể cảm nhận được hương vị của m&ugrave;a h&egrave; đang đến rất gần. Đ&acirc;y l&agrave; một thỏi son vừa tươi trẻ vừa thanh lịch, chắc chắn sẽ l&agrave; thỏi son must have trong t&uacute;i makeup của bạn.&nbsp;&nbsp;</p>\r\n\r\n<p><img src=\"https://cdn.cocolux.com/2022/03/images/products/1647509985881-03.jpeg\" /></p>\r\n\r\n<p><strong>LZ04 Raspberry Milk:</strong>&nbsp;Điều g&igrave; sẽ xảy ra nếu như bạn nhỏ một giọt sữa v&agrave;o ly sinh tố m&acirc;m x&ocirc;i? Điều k&igrave; diệu sẽ xuất hiện mang theo một sắc son đỏ sẫm nhưng vẫn nhẹ nh&agrave;ng v&agrave; nữ t&iacute;nh, ph&ugrave; hợp với mọi t&ocirc;ng da. Nếu bạn apply 1 lớp LZ 04 sẽ cho ra một m&agrave;u đỏ &aacute;nh hồng cherry ngọt ng&agrave;o, c&ograve;n apply 2 lớp sẽ &ldquo;h&ocirc; biến&rdquo; th&agrave;nh m&agrave;u đỏ gạch đậm quyến rũ đầy m&ecirc; hoặc.&nbsp;</p>\r\n\r\n<p><img src=\"https://cdn.cocolux.com/2022/03/images/products/1647509991376-04.jpeg\" /></p>\r\n\r\n<p><strong>LZ05 Two shot Peanut Latte:</strong>&nbsp;LZ 05 mang trong m&igrave;nh sắc n&acirc;u gạch của ly Peanut Latte ngọt ng&agrave;o, ph&ugrave; hợp với những bạn đang cần t&igrave;m một t&ocirc;ng m&agrave;u kh&ocirc;ng qu&aacute; nổi bật để sử dụng h&agrave;ng ng&agrave;y. Với sắc m&agrave;u cổ điển nhưng kh&ocirc;ng hề tạo cảm gi&aacute;c bị cộng th&ecirc;m v&agrave;i tuổi n&agrave;y, bạn c&ograve;n c&oacute; thể tự tin mang LZ 05 đi mọi nơi v&igrave; khả năng l&agrave;m bật t&ocirc;ng da, khắc phục t&igrave;nh trạng da xỉn m&agrave;u.&nbsp;</p>\r\n\r\n<p><img src=\"https://cdn.cocolux.com/2022/03/images/products/1647509997260-05.jpeg\" /></p>\r\n\r\n<p><strong>Ưu điểm:</strong></p>\r\n\r\n<p>Chất son mềm mại, xốp mịn đặc trưng của d&ograve;ng son Velvet Tint đ&igrave;nh đ&aacute;m nh&agrave; Black Rouge.</p>\r\n\r\n<p>Khi mới apply son sẽ để lại một lớp m&agrave;ng ẩm mướt, cung cấp độ ẩm tr&ecirc;n m&ocirc;i tức th&igrave;. Sau v&agrave;i ph&uacute;t, lớp finish sẽ mịn l&igrave; nhưng vẫn mềm m&ocirc;i, tạo cảm gi&aacute;c &ldquo;nhẹ như kh&ocirc;ng&rdquo; tr&ecirc;n m&ocirc;i.&nbsp;</p>\r\n\r\n<p>M&agrave;u l&ecirc;n chuẩn ngay trong lần apply đầu ti&ecirc;n, bền m&agrave;u trong nhiều giờ , kh&ocirc;ng g&acirc;y cảm gi&aacute;c bết d&iacute;nh.&nbsp;</p>\r\n\r\n<p>&nbsp;Chất son c&oacute; khả năng che phủ r&atilde;nh m&ocirc;i tuyệt đối.</p>\r\n', 160000, 0, 14, '1655031661_1647509020520-1-200x200.jpeg', 9, 0, 23),
(18, 'Son Kem Lì Black Rouge Creamy Matt Rouge - CM03', '<p>a</p>\r\n', '<p>Tuy chỉ l&agrave; &ldquo;l&iacute;nh mới&rdquo; trong những thương hiệu mỹ phẩm b&igrave;nh d&acirc;n nổi tiếng của H&agrave;n Quốc nhưng&nbsp;<a href=\"https://cocolux.com/thuong-hieu/black-rouge-i.290\"><em><strong>Black Rouge</strong></em></a>&nbsp;đ&atilde; l&agrave; 1 c&aacute;i t&ecirc;n chiếm spotlight nhiều nhất trong thời gian qua, được c&aacute;c t&iacute;n đồ son săn l&ugrave;ng kh&ocirc;ng k&eacute;m g&igrave; đ&agrave;n anh đ&agrave;n chị kh&aacute;c.</p>\r\n\r\n<p>&nbsp;</p>\r\n\r\n<p><img src=\"https://cdn.cocolux.com/2021/01/products/1612146854068-son-black-rouge-cream-matte-rouge-MAU.jpeg\" /></p>\r\n\r\n<p><br />\r\n<strong>Black Rouge Air Fit Velvet Tint</strong>&nbsp;được thiết kế vỏ vu&ocirc;ng tinh tế với tone đỏ to&agrave;n tập g&acirc;y ấn tượng mạnh từ &aacute;nh nh&igrave;n đầu ti&ecirc;n, sang chảnh kh&ocirc;ng thua k&eacute;m bất k&igrave; d&ograve;ng son m&ocirc;i&nbsp;cao cấp n&agrave;o.</p>\r\n\r\n<p>Đầu cọ th&ocirc;ng minh gi&uacute;p lấy ra một lượng son vừa đủ t&aacute;n đều tr&ecirc;n m&ocirc;i. M&agrave;u son l&ecirc;n m&ocirc;i chuẩn từng centimet. Chất&nbsp;<a href=\"https://cocolux.com/danh-muc/son-kem-liptint-i.21\"><em><strong>son kem H&agrave;n Quốc</strong></em></a>&nbsp;v&ocirc; c&ugrave;ng mịn mướt kh&ocirc;ng g&acirc;y v&oacute;n cục, hạn chế tối đa kh&ocirc; m&ocirc;i, giữ m&agrave;u l&acirc;u đến 8 tiếng, kh&ocirc;ng bị tr&ocirc;i khi ăn uống nhưng vẫn đủ l&igrave; tạo n&ecirc;n một bờ m&ocirc;i căng mọng đầy quyến rũ.</p>\r\n\r\n<p>Tiếp nối những d&ograve;ng son kem trước lần n&agrave;y Black rouge cho ra phi&ecirc;n bản với &yacute; tưởng từ bộ b&agrave;i Tarrot với th&ocirc;ng điệp . với t&ocirc;ng m&agrave;u thuộc t&ocirc;ng lạnh gi&uacute;p tăng điểm thần th&aacute;i cho c&aacute;c c&ocirc; n&agrave;ng c&aacute; t&iacute;nh</p>\r\n\r\n<p>&nbsp;</p>\r\n\r\n<p><img src=\"https://cdn.cocolux.com/2021/01/products/1612146890790-son-black-rouge-cream-matte-rouge-MAU.jpeg\" /></p>\r\n\r\n<p>&nbsp;</p>\r\n\r\n<p><br />\r\nThiết kế tinh tế với n&aacute;p son l&agrave; v&ograve;ng tr&ograve;n cung ho&agrave;ng đạo c&ugrave;ng với t&ocirc;ng m&agrave;u son b&ecirc;n trong n&ecirc;n ch&uacute;ng ta c&oacute; thể dễ d&agrave;ng lựa chọn m&agrave;u m&igrave;nh th&iacute;ch&nbsp;</p>\r\n\r\n<p>Chắc chắn kh&ocirc;ng thể bỏ qua chất son xốp đặc lai giữa son tint v&agrave; son thỏi mang đến hiệu ứng mịn, l&igrave; ,mướt như nhung.&nbsp;</p>\r\n\r\n<p>Độ b&aacute;m m&agrave;u 4-7h kh&ocirc;ng sợ bị kh&ocirc; hay nặng m&ocirc;i. M&agrave;u son l&ecirc;n m&ocirc;i chuẩn từng centimet chỉ với một lần chạm nhẹ.&nbsp;</p>\r\n\r\n<p>Mỗi m&agrave;u son l&agrave; tượng trưng cho một n&eacute;t t&iacute;nh c&aacute;ch, l&agrave; &quot;l&aacute; b&ugrave;a hộ mệnh&quot; đem lại may mắn, cơ hội cho người sở hữu n&oacute;</p>\r\n\r\n<p>&nbsp;</p>\r\n\r\n<p><img src=\"https://cdn.cocolux.com/2021/01/products/1612146920066-son-black-rouge-cream-matte-rouge-1.jpeg\" /></p>\r\n\r\n<p><img src=\"https://cdn.cocolux.com/2021/01/products/1612147350988-son-black-rouge-cream-matte-rouge-.jpeg\" /></p>\r\n\r\n<p><br />\r\n<strong>&nbsp;Bảng m&agrave;u son&nbsp;Son Kem L&igrave; Black Rouge Creamy Matt Rouge Season 1</strong></p>\r\n\r\n<ul>\r\n	<li>CM01&nbsp;Capella (Ngự Phu): Rising Sun Orange Red - Sắc đỏ cam của &aacute;nh b&igrave;nh minh</li>\r\n	<li>CM02&nbsp;Deneb (Thi&ecirc;n T&acirc;n): Summer Night Coral - Cam đ&agrave;o ho&agrave;ng h&ocirc;n</li>\r\n	<li>CM03&nbsp;Cassiopeia (Thi&ecirc;n Hậu): Fire Red - Đỏ tươi &aacute;nh hồng rực rỡ</li>\r\n	<li>CM04&nbsp;Orion (Lạp Hộ): Coral Beige Brown - Cam san h&ocirc; &aacute;nh nude pha n&acirc;u</li>\r\n	<li>CM05&nbsp;Delta (Sư tử): Deep Brown - N&acirc;u đậm thuần</li>\r\n	<li>CM06&nbsp;Spica (Gi&aacute;c Tức): Warm Red - Đỏ đậm tone ấm</li>\r\n	<li>CM07&nbsp;Polaris (Bắc cực): Polar Brick Red - Đỏ gạch tone lạnh</li>\r\n</ul>\r\n\r\n<p>&nbsp;</p>\r\n\r\n<p><img src=\"https://cdn.cocolux.com/2021/01/products/1612146995088-son-kem-li-black-rouge-creamy-matt-rouge-4.jpeg\" /></p>\r\n\r\n<p><img src=\"https://cdn.cocolux.com/2021/01/products/1612147007437-son-kem-li-black-rouge-creamy-matt-rouge-3.jpeg\" /></p>\r\n\r\n<p><img src=\"https://cdn.cocolux.com/2021/01/products/1612147020274-son-kem-li-black-rouge-creamy-matt-rouge-2.jpeg\" /></p>\r\n\r\n<p>&nbsp;</p>\r\n\r\n<p><br />\r\n<strong>Bảng m&agrave;u son&nbsp;Son Kem L&igrave; Black Rouge Creamy Matt Rouge Season 1</strong><br />\r\nCM08: Thrilling - Đỏ Tomato ch&iacute;n mọng<br />\r\nCM09: Honeyed - Cam đất trung t&iacute;nh<br />\r\nCM10: Flirting - Hồng cam san h&ocirc;<br />\r\nCM11: Ball red - Đỏ gạch cam ch&aacute;y<br />\r\nCM12: Sleepless - N&acirc;u đỏ đất tone ấm</p>\r\n\r\n<p>&nbsp;</p>\r\n\r\n<p><img src=\"https://cdn.cocolux.com/2021/01/products/1612147051025-son-kem-li-black-rouge-creamy-matt-rouge-6.jpeg\" /></p>\r\n\r\n<p>&nbsp;</p>\r\n\r\n<p>&nbsp;</p>\r\n\r\n<p><strong>Xuất xứ</strong>&nbsp;: H&agrave;n Quốc</p>\r\n\r\n<p><strong>Thương hiệu</strong>&nbsp;: Black rouge&nbsp;</p>\r\n\r\n<p><a href=\"https://cocolux.com/\"><em><strong>Mỹ Phẩm H&agrave;n Quốc</strong></em></a><strong>&nbsp;</strong></p>\r\n', 150000, 0, 14, '1655031720_1620722825628-son-kem-li-black-rouge-creamy-matt-rouge-cm3-200x200.jpeg', 9, 0, 23),
(19, 'Son Kem Lì Black Rouge Leez Velvet LZ01 Tint - LZ01', '<p>a</p>\r\n', '<p>Black Rouge đ&atilde; chuẩn bị cho bạn 5 &ldquo;ly smoothie&rdquo; mang những nguy&ecirc;n liệu được y&ecirc;u th&iacute;ch nhất mang t&ecirc;n Leez Velvet Tint.&nbsp;</p>\r\n\r\n<p>Nếu bạn muốn đ&oacute;n đầu xu hướng của m&ugrave;a h&egrave; 2022 th&igrave; đừng n&ecirc;n bỏ qua bộ son độc đ&aacute;o n&agrave;y tại Cocolux nh&eacute;:</p>\r\n\r\n<p><img src=\"https://cdn.cocolux.com/2022/03/images/products/1647509333406-2.jpeg\" /></p>\r\n\r\n<p><strong>Thiết kế:</strong></p>\r\n\r\n<p>Thiết kế vỏ giấy đơn sắc, nổi bật t&ecirc;n sản phẩm với t&ocirc;ng nền v&agrave; phần nắp hộp trong suốt. Đặc biệt, tr&ecirc;n vỏ son Leez Velvet Tint c&oacute; in m&atilde; QR &ldquo;Lip ID&rdquo;, gi&uacute;p bạn c&oacute; thể dễ d&agrave;ng check nhanh m&agrave;u sắc v&agrave; th&ocirc;ng tin sản phẩm bằng camera điện thoại.</p>\r\n\r\n<p><img src=\"https://cdn.cocolux.com/2022/03/images/products/1647509870963-00.jpeg\" /></p>\r\n\r\n<p>Leez Velvet Tint c&oacute; th&acirc;n son thon d&agrave;i trong suốt c&ugrave;ng với lớp nhựa cao cấp nh&aacute;m l&igrave; tạo cảm gi&aacute;c chắc tay cũng như hạn chế b&aacute;m v&acirc;n tay trong qu&aacute; tr&igrave;nh sử dụng nhưng vẫn c&oacute; thể thấy được m&agrave;u son b&ecirc;n trong&nbsp;&nbsp;</p>\r\n\r\n<p>&nbsp;</p>\r\n\r\n<p>Đầu cọ bo tr&ograve;n với lớp l&ocirc;ng d&agrave;y được phủ đều xung quanh gi&uacute;p tiết kiệm lượng son lấy ra đồng thời gi&uacute;p thao t&aacute;c tr&ecirc;n m&ocirc;i dễ d&agrave;ng hơn ngay cả với những người mới bắt đầu học makeup.&nbsp;</p>\r\n\r\n<p><strong>M&agrave;u son:</strong></p>\r\n\r\n<p><strong>LZ01 Peach Papaya:</strong>&nbsp;Với 2 nguy&ecirc;n liệu đu đủ được pha th&ecirc;m một ch&uacute;t đ&agrave;o, bạn sẽ c&oacute; ngay một thỏi son &nbsp;đỏ cam &aacute;nh hồng cực lạ mắt, ngọt ng&agrave;o m&agrave; vẫn tr&agrave;n đầu năng lượng. Đ&acirc;y l&agrave; một t&ocirc;ng son được pha trộn ho&agrave;n hảo giữa t&ocirc;ng ấm v&agrave; t&ocirc;ng lạnh tạo n&ecirc;n một sắc anh đ&agrave;o gi&uacute;p nổi bật sự tươi tắn, hồng h&agrave;o của l&agrave;n da, lại mang một &iacute;t &aacute;nh đỏ cho đ&ocirc;i m&ocirc;i tươi tắn, rạng ngời của m&ugrave;a xu&acirc;n.</p>\r\n\r\n<p><img src=\"https://cdn.cocolux.com/2022/03/images/products/1647509973641-01.jpeg\" /></p>\r\n\r\n<p><strong>LZ 02 Apple Greek Yogurt:</strong>&nbsp;Bạn c&oacute; bao giờ m&ecirc; mẩn sắc hồng sữa trong ly sorbet t&aacute;o tươi được mix c&ugrave;ng sữa chua Hy Lạp? M&agrave;u son như một đ&oacute;a hoa hồng nở rộ trong nền sữa chua thuần khiết.Đ&acirc;y l&agrave; một sắc hồng t&ocirc;ng lạnh &ldquo;chuẩn kh&ocirc;ng cần chỉnh&rdquo;l&agrave;m say đắm mọi &aacute;nh nh&igrave;n m&agrave; bạn nhất định phải mang theo b&ecirc;n m&igrave;nh trong những ng&agrave;y m&ugrave;a xu&acirc;n ngọt ng&agrave;o.</p>\r\n\r\n<p><img src=\"https://cdn.cocolux.com/2022/03/images/products/1647509979840-02.jpeg\" /></p>\r\n\r\n<p><strong>LZ03 Mango Coconut:</strong>&nbsp;Một sắc son cam ch&aacute;y quyến rũ như ly sinh tố xo&agrave;i dừa ngọt ng&agrave;o c&oacute; phải l&agrave; m&agrave;u son m&agrave; bạn đang t&igrave;m kiếm? Chỉ cần nghĩ th&ocirc;i đ&atilde; thấy rung động khi mix một ly sinh tố xo&agrave;i- dừa m&aacute;t lạnh . LZ03 l&agrave; một sắc son chỉ cần nh&igrave;n th&ocirc;i l&agrave; đ&atilde; c&oacute; thể cảm nhận được hương vị của m&ugrave;a h&egrave; đang đến rất gần. Đ&acirc;y l&agrave; một thỏi son vừa tươi trẻ vừa thanh lịch, chắc chắn sẽ l&agrave; thỏi son must have trong t&uacute;i makeup của bạn.&nbsp;&nbsp;</p>\r\n\r\n<p><img src=\"https://cdn.cocolux.com/2022/03/images/products/1647509985881-03.jpeg\" /></p>\r\n\r\n<p><strong>LZ04 Raspberry Milk:</strong>&nbsp;Điều g&igrave; sẽ xảy ra nếu như bạn nhỏ một giọt sữa v&agrave;o ly sinh tố m&acirc;m x&ocirc;i? Điều k&igrave; diệu sẽ xuất hiện mang theo một sắc son đỏ sẫm nhưng vẫn nhẹ nh&agrave;ng v&agrave; nữ t&iacute;nh, ph&ugrave; hợp với mọi t&ocirc;ng da. Nếu bạn apply 1 lớp LZ 04 sẽ cho ra một m&agrave;u đỏ &aacute;nh hồng cherry ngọt ng&agrave;o, c&ograve;n apply 2 lớp sẽ &ldquo;h&ocirc; biến&rdquo; th&agrave;nh m&agrave;u đỏ gạch đậm quyến rũ đầy m&ecirc; hoặc.&nbsp;</p>\r\n\r\n<p><img src=\"https://cdn.cocolux.com/2022/03/images/products/1647509991376-04.jpeg\" /></p>\r\n\r\n<p><strong>LZ05 Two shot Peanut Latte:</strong>&nbsp;LZ 05 mang trong m&igrave;nh sắc n&acirc;u gạch của ly Peanut Latte ngọt ng&agrave;o, ph&ugrave; hợp với những bạn đang cần t&igrave;m một t&ocirc;ng m&agrave;u kh&ocirc;ng qu&aacute; nổi bật để sử dụng h&agrave;ng ng&agrave;y. Với sắc m&agrave;u cổ điển nhưng kh&ocirc;ng hề tạo cảm gi&aacute;c bị cộng th&ecirc;m v&agrave;i tuổi n&agrave;y, bạn c&ograve;n c&oacute; thể tự tin mang LZ 05 đi mọi nơi v&igrave; khả năng l&agrave;m bật t&ocirc;ng da, khắc phục t&igrave;nh trạng da xỉn m&agrave;u.&nbsp;</p>\r\n\r\n<p><img src=\"https://cdn.cocolux.com/2022/03/images/products/1647509997260-05.jpeg\" /></p>\r\n\r\n<p><strong>Ưu điểm:</strong></p>\r\n\r\n<p>Chất son mềm mại, xốp mịn đặc trưng của d&ograve;ng son Velvet Tint đ&igrave;nh đ&aacute;m nh&agrave; Black Rouge.</p>\r\n\r\n<p>Khi mới apply son sẽ để lại một lớp m&agrave;ng ẩm mướt, cung cấp độ ẩm tr&ecirc;n m&ocirc;i tức th&igrave;. Sau v&agrave;i ph&uacute;t, lớp finish sẽ mịn l&igrave; nhưng vẫn mềm m&ocirc;i, tạo cảm gi&aacute;c &ldquo;nhẹ như kh&ocirc;ng&rdquo; tr&ecirc;n m&ocirc;i.&nbsp;</p>\r\n\r\n<p>M&agrave;u l&ecirc;n chuẩn ngay trong lần apply đầu ti&ecirc;n, bền m&agrave;u trong nhiều giờ , kh&ocirc;ng g&acirc;y cảm gi&aacute;c bết d&iacute;nh.&nbsp;</p>\r\n\r\n<p>&nbsp;Chất son c&oacute; khả năng che phủ r&atilde;nh m&ocirc;i tuyệt đối.</p>\r\n\r\n<p>&nbsp;</p>\r\n', 160000, 0, 14, '1655032014_1620722825628-son-kem-li-black-rouge-creamy-matt-rouge-cm3-200x200.jpeg', 9, 0, 23),
(20, 'Son lì Maybelline Creamy Mattes MNU 09 Chili Nude', '<p>a</p>\r\n', '<p><strong>TH&Ocirc;NG TIN SẢN PHẨM</strong></p>\r\n\r\n<p>&nbsp;</p>\r\n\r\n<p><strong>Son l&igrave; Maybelline Creamy Mattes MNU 09 Chili Nude</strong></p>\r\n\r\n<p><strong>Maybelline Color Sensational Inti-Matte Nudes Lipstick</strong>&nbsp;l&agrave; bộ sưu tập son Nude mới nhất c&ugrave;ng 10 m&agrave;u son nude thời thượng, ph&ugrave; hợp với mọi t&ocirc;ng da của c&aacute;c c&ocirc; n&agrave;ng Ch&acirc;u &Aacute;. Son l&igrave; Maybelline xuất hiện đ&igrave;nh đ&aacute;m l&agrave;m khuấy đảo cộng đồng mạng, c&ograve;n được v&iacute; như Nars, hay MAC thần th&aacute;nh m&agrave; gi&aacute; cả lại v&ocirc; c&ugrave;ng b&igrave;nh d&acirc;n. C&ograve;n chần chờ g&igrave; nữa! Nhanh tay tậu cho m&igrave;nh một em về nh&agrave; ngay nh&eacute;!<br />\r\n&nbsp;</p>\r\n\r\n<p><img src=\"https://cdn.cocolux.com/2021/03/products/1616729320994-son-li-maybelline-creamy-mattes-chilli-nude-1.jpeg\" /></p>\r\n\r\n<p>&nbsp;</p>\r\n\r\n<p><br />\r\n<strong>Maybelline New York</strong>&nbsp;l&agrave; c&ocirc;ng ty mỹ phẩm h&agrave;ng đầu tại Mỹ. Khởi nguồn từ việc b&aacute;n mascara qua thư điện tử, mascara&nbsp;<strong>Maybelline</strong>&nbsp;nhanh ch&oacute;ng trở th&agrave;nh m&oacute;n đồ kh&ocirc;ng thể thiếu được của c&aacute;c c&ocirc; g&aacute;i. Ng&agrave;y nay, mascara Maybelline l&agrave; mascara được y&ecirc;u th&iacute;ch của nước Mỹ v&agrave; được sự tin tưởng của c&aacute;c chuy&ecirc;n gia trang điểm h&agrave;ng đầu thế giới. Kh&ocirc;ng chỉ dừng lại ở đấy,&nbsp;<strong>Maybelline</strong>&nbsp;c&ograve;n mở rộng cung cấp bộ sưu tập trang điểm về to&agrave;n phương diện. Bạn sẽ lu&ocirc;n t&igrave;m thấy mọi thứ mới mẻ v&agrave; hữu &iacute;ch từ&nbsp;<strong>Maybelline</strong>.<br />\r\n&nbsp;</p>\r\n\r\n<p><img src=\"https://cdn.cocolux.com/2021/03/products/1616729284851-son-li-maybelline-creamy-mattes-chilli-nude.jpeg\" /></p>\r\n\r\n<p><br />\r\n<strong>Maybelline Color Sensational Inti-Matte Nudes Lipstick</strong>&nbsp;với chất son l&igrave; matte nhưng lại creamy, khiến l&ecirc;n m&ocirc;i vẫn mềm mịn m&agrave; kh&ocirc;ng hề g&acirc;y cảm gi&aacute;c kh&ocirc; r&aacute;p hay để lại c&aacute;c r&atilde;nh m&ocirc;i kh&oacute; chịu.&nbsp;Cho d&ugrave; l&agrave; m&ocirc;i kh&ocirc; tới đ&acirc;u đi chăng nữa, cũng sẽ h&agrave;i l&ograve;ng khi kho&aacute;c tr&ecirc;n m&igrave;nh những m&agrave;u son y&ecirc;u kiều, l&acirc;u tr&ocirc;i, l&acirc;u phai cả ng&agrave;y d&agrave;i của&nbsp;<strong>Maybelline</strong>. Hương thơm ngọt lịm v&agrave; khả năng b&aacute;m m&agrave;u l&ecirc;n đến 24h đồng hồ.</p>\r\n\r\n<p><br />\r\n<strong>Maybelline Color Sensational Matte Lipstick</strong>&nbsp;l&agrave; d&ograve;ng son l&igrave;, l&ecirc;n m&agrave;u cực chuẩn, giữ m&agrave;u hơn 5 tiếng. Với ch&acirc;́t son m&ecirc;̀m, mượt, mịn. Son lướt tr&ecirc;n m&ocirc;i m&ecirc;̀m, cảm nh&acirc;̣n đ&ocirc;̣ mịn màng &acirc;̉m &acirc;̉m như bơ, cực th&iacute;ch nh&eacute;. Son c&oacute; độ dưỡng nhẹ, kh&ocirc;ng l&agrave;m kh&ocirc; m&ocirc;i, c&oacute; m&ugrave;i hương rất ngọt ng&agrave;o, dịu nhẹ.<br />\r\n&nbsp;</p>\r\n\r\n<p><br />\r\n<strong>Son l&igrave; Maybelline Creamy Mattes MNU 09 Chili Nude</strong></p>\r\n\r\n<p>&nbsp;</p>\r\n\r\n<p><img src=\"https://cdn.cocolux.com/2021/03/products/1616729265152-son-li-maybelline-creamy-mattes-chilli-nude.jpeg\" /></p>\r\n\r\n<p><img src=\"https://cdn.cocolux.com/2021/03/products/1616729272332-son-li-maybelline-creamy-mattes-nude-9.jpeg\" /></p>\r\n\r\n<p>&nbsp;</p>\r\n\r\n<p>&nbsp;</p>\r\n\r\n<p><br />\r\n<strong>Xuất xứ :</strong>&nbsp;Mỹ</p>\r\n\r\n<p><strong>Thương hiệu</strong>&nbsp;: Maybeline</p>\r\n\r\n<p><strong>Mỹ phẩm Cocolux</strong></p>\r\n\r\n<p>&nbsp;</p>\r\n', 178000, 1, 17, '1655032115_1616728947275-son-li-maybelline-creamy-mattes-nude-9-200x200.jpeg', 0, 0, 23);

-- --------------------------------------------------------

--
-- Table structure for table `properties`
--

CREATE TABLE `properties` (
  `id` int(11) NOT NULL,
  `name` varchar(500) NOT NULL,
  `product_id` int(11) NOT NULL
) ENGINE=InnoDB DEFAULT CHARSET=utf8mb4;

--
-- Dumping data for table `properties`
--

INSERT INTO `properties` (`id`, `name`, `product_id`) VALUES
(1, 'mau xanh', 4);

-- --------------------------------------------------------

--
-- Table structure for table `rating`
--

CREATE TABLE `rating` (
  `id` int(11) NOT NULL,
  `product_id` int(11) NOT NULL,
  `star` int(11) NOT NULL
) ENGINE=InnoDB DEFAULT CHARSET=utf8mb4;

--
-- Dumping data for table `rating`
--

INSERT INTO `rating` (`id`, `product_id`, `star`) VALUES
(1, 15, 3),
(2, 15, 1),
(3, 15, 5),
(4, 15, 5),
(5, 14, 1),
(6, 15, 1),
(7, 15, 3),
(8, 7, 5),
(9, 13, 5),
(10, 15, 5),
(11, 20, 5);

-- --------------------------------------------------------

--
-- Table structure for table `slider`
--

CREATE TABLE `slider` (
  `id` int(11) NOT NULL,
  `photo` varchar(500) NOT NULL
) ENGINE=InnoDB DEFAULT CHARSET=utf8mb4;

--
-- Dumping data for table `slider`
--

INSERT INTO `slider` (`id`, `photo`) VALUES
(3, '1654532214_banner-697x350.png'),
(4, '1654694873_2.jpg'),
(5, '1654694906_5.jpg'),
(6, '1654694883_3.jpg'),
(7, '1654694892_4.jpg'),
(8, '1658402594_Screen Shot 2022-07-21 at 15.35.36.png');

-- --------------------------------------------------------

--
-- Table structure for table `users`
--

CREATE TABLE `users` (
  `id` int(11) NOT NULL,
  `email` varchar(500) NOT NULL,
  `name` varchar(500) NOT NULL,
  `password` varchar(500) NOT NULL
) ENGINE=InnoDB DEFAULT CHARSET=utf8mb4;

--
-- Dumping data for table `users`
--

INSERT INTO `users` (`id`, `email`, `name`, `password`) VALUES
(3, 'admin@gmail.com', 'Bùi Ngọc Hà', '40bd001563085fc35165329ea1ff5c5ecbdbbeef');

--
-- Indexes for dumped tables
--

--
-- Indexes for table `albums`
--
ALTER TABLE `albums`
  ADD PRIMARY KEY (`id`);

--
-- Indexes for table `banner_slider`
--
ALTER TABLE `banner_slider`
  ADD PRIMARY KEY (`id`);

--
-- Indexes for table `brands`
--
ALTER TABLE `brands`
  ADD PRIMARY KEY (`id`);

--
-- Indexes for table `categories`
--
ALTER TABLE `categories`
  ADD PRIMARY KEY (`id`);

--
-- Indexes for table `comment`
--
ALTER TABLE `comment`
  ADD PRIMARY KEY (`id`);

--
-- Indexes for table `customers`
--
ALTER TABLE `customers`
  ADD PRIMARY KEY (`id`);

--
-- Indexes for table `logo`
--
ALTER TABLE `logo`
  ADD PRIMARY KEY (`id`);

--
-- Indexes for table `News`
--
ALTER TABLE `News`
  ADD PRIMARY KEY (`id`);

--
-- Indexes for table `orderdetails`
--
ALTER TABLE `orderdetails`
  ADD PRIMARY KEY (`id`);

--
-- Indexes for table `orders`
--
ALTER TABLE `orders`
  ADD PRIMARY KEY (`id`);

--
-- Indexes for table `products`
--
ALTER TABLE `products`
  ADD PRIMARY KEY (`id`);

--
-- Indexes for table `properties`
--
ALTER TABLE `properties`
  ADD PRIMARY KEY (`id`),
  ADD KEY `product_id` (`product_id`);

--
-- Indexes for table `rating`
--
ALTER TABLE `rating`
  ADD PRIMARY KEY (`id`);

--
-- Indexes for table `slider`
--
ALTER TABLE `slider`
  ADD PRIMARY KEY (`id`);

--
-- Indexes for table `users`
--
ALTER TABLE `users`
  ADD PRIMARY KEY (`id`);

--
-- AUTO_INCREMENT for dumped tables
--

--
-- AUTO_INCREMENT for table `albums`
--
ALTER TABLE `albums`
  MODIFY `id` int(11) NOT NULL AUTO_INCREMENT, AUTO_INCREMENT=23;

--
-- AUTO_INCREMENT for table `banner_slider`
--
ALTER TABLE `banner_slider`
  MODIFY `id` int(11) NOT NULL AUTO_INCREMENT;

--
-- AUTO_INCREMENT for table `brands`
--
ALTER TABLE `brands`
  MODIFY `id` int(11) NOT NULL AUTO_INCREMENT, AUTO_INCREMENT=19;

--
-- AUTO_INCREMENT for table `categories`
--
ALTER TABLE `categories`
  MODIFY `id` int(11) NOT NULL AUTO_INCREMENT, AUTO_INCREMENT=36;

--
-- AUTO_INCREMENT for table `comment`
--
ALTER TABLE `comment`
  MODIFY `id` int(11) NOT NULL AUTO_INCREMENT, AUTO_INCREMENT=10;

--
-- AUTO_INCREMENT for table `customers`
--
ALTER TABLE `customers`
  MODIFY `id` int(11) NOT NULL AUTO_INCREMENT, AUTO_INCREMENT=32;

--
-- AUTO_INCREMENT for table `logo`
--
ALTER TABLE `logo`
  MODIFY `id` int(11) NOT NULL AUTO_INCREMENT, AUTO_INCREMENT=3;

--
-- AUTO_INCREMENT for table `News`
--
ALTER TABLE `News`
  MODIFY `id` int(11) NOT NULL AUTO_INCREMENT, AUTO_INCREMENT=8;

--
-- AUTO_INCREMENT for table `orderdetails`
--
ALTER TABLE `orderdetails`
  MODIFY `id` int(11) NOT NULL AUTO_INCREMENT, AUTO_INCREMENT=30;

--
-- AUTO_INCREMENT for table `orders`
--
ALTER TABLE `orders`
  MODIFY `id` int(11) NOT NULL AUTO_INCREMENT, AUTO_INCREMENT=35;

--
-- AUTO_INCREMENT for table `products`
--
ALTER TABLE `products`
  MODIFY `id` int(11) NOT NULL AUTO_INCREMENT, AUTO_INCREMENT=31;

--
-- AUTO_INCREMENT for table `properties`
--
ALTER TABLE `properties`
  MODIFY `id` int(11) NOT NULL AUTO_INCREMENT, AUTO_INCREMENT=2;

--
-- AUTO_INCREMENT for table `rating`
--
ALTER TABLE `rating`
  MODIFY `id` int(11) NOT NULL AUTO_INCREMENT, AUTO_INCREMENT=12;

--
-- AUTO_INCREMENT for table `slider`
--
ALTER TABLE `slider`
  MODIFY `id` int(11) NOT NULL AUTO_INCREMENT, AUTO_INCREMENT=9;

--
-- AUTO_INCREMENT for table `users`
--
ALTER TABLE `users`
  MODIFY `id` int(11) NOT NULL AUTO_INCREMENT, AUTO_INCREMENT=6;
COMMIT;

/*!40101 SET CHARACTER_SET_CLIENT=@OLD_CHARACTER_SET_CLIENT */;
/*!40101 SET CHARACTER_SET_RESULTS=@OLD_CHARACTER_SET_RESULTS */;
/*!40101 SET COLLATION_CONNECTION=@OLD_COLLATION_CONNECTION */;
